Player,Nation,Pos,Squad,Age,Born,90s,Touches,Def Pen,Def 3rd,Mid 3rd,Att 3rd,Att Pen,Live,Succ,Att,Succ%,#Pl,Megs,Carries,TotDist,PrgDist,Targ,Rec,Rec%,Miscon,Dispos
Patrick van Aanholt\Patrick-van-Aanholt,NED,DF,Crystal Palace,28,1990,27.9,1839,95,529,883,532,51,1458,18,36,50,18,2,1000,5651,3130,1079,994,92.1,21,16
Max Aarons\Max-Aarons,ENG,DF,Norwich City,19,2000,36,2133,178,803,903,594,52,1821,49,94,52.1,55,2,1321,9483,5431,1399,1244,88.9,39,48
Tammy Abraham\Tammy-Abraham,ENG,FW,Chelsea,21,1997,24.6,739,31,59,354,352,165,688,21,36,58.3,22,0,427,2315,1159,1076,495,46,71,47
Che Adams\Che-Adams,ENG,FW,Southampton,23,1996,12.3,441,10,35,203,235,68,433,15,27,55.6,15,1,308,1837,841,657,315,47.9,44,29
Adrián\Adrian,ESP,GK,Liverpool,32,1987,9.7,338,300,338,0,0,0,244,0,0,,0,0,163,638,356,155,154,99.4,0,0
Sergio Agüero\Sergio-Aguero,ARG,FW,Manchester City,31,1988,16.1,572,2,21,207,386,154,551,27,45,60,28,2,428,2539,1396,780,450,57.7,24,41
Albian Ajeti\Albian-Ajeti,SUI,MFFW,West Ham,22,1997,1.5,33,0,1,9,24,9,32,0,0,,0,0,16,75,16,64,24,37.5,5,3
Nathan Aké\Nathan-Ake,NED,DF,Bournemouth,24,1995,27.8,1508,278,920,596,86,34,1455,5,5,100,5,0,845,5266,2910,948,900,94.9,7,5
Marc Albrighton\Marc-Albrighton,ENG,MFDF,Leicester City,29,1989,9.6,622,13,111,258,295,23,587,10,29,34.5,13,2,420,2558,1176,495,429,86.7,9,12
Toby Alderweireld\Toby-Alderweireld,BEL,DF,Tottenham,30,1989,32.9,2265,353,1224,1038,114,22,2185,0,2,0,0,0,1362,6528,3056,1535,1500,97.7,3,2
Trent Alexander-Arnold\Trent-Alexander-Arnold,ENG,DF,Liverpool,20,1998,35.3,3520,105,848,1641,1246,63,2865,26,56,46.4,30,4,2108,9335,5698,2363,2230,94.4,36,22
Alisson\Alisson,BRA,GK,Liverpool,26,1992,28.3,984,804,976,9,0,0,760,0,0,,0,0,549,2115,1090,494,490,99.2,1,0
Dele Alli\Dele-Alli,ENG,MFFW,Tottenham,23,1996,20.5,1132,37,171,575,471,96,1076,32,63,50.8,36,7,747,4583,2502,1102,773,70.1,45,56
Miguel Almirón\Miguel-Almiron,PAR,MFFW,Newcastle Utd,25,1994,33.6,1309,44,314,553,602,90,1297,46,93,49.5,54,5,975,9236,5220,1281,894,69.8,60,54
Marcos Alonso\Marcos-Alonso,ESP,DF,Chelsea,28,1990,15.9,1313,30,326,563,511,72,1146,12,19,63.2,12,0,841,4760,2735,928,829,89.3,20,22
Steven Alzate\Steven-Alzate,COL,MFDF,Brighton,20,1998,13.2,838,31,215,406,272,44,787,33,50,66,35,4,618,3821,2140,638,557,87.3,20,28
Ibrahim Amadou\Ibrahim-Amadou,FRA,DFMF,Norwich City,26,1993,8.4,470,107,329,143,14,4,464,2,3,66.7,2,0,253,1003,474,297,289,97.3,1,1
Felipe Anderson\Felipe-Anderson,BRA,MFFW,West Ham,26,1993,16.6,1163,26,166,616,517,68,1138,66,97,68,70,5,932,7366,4575,1042,889,85.3,33,35
Florin Andone\Florin-Andone,ROU,MFFW,Brighton,26,1993,0.8,29,3,4,12,16,7,28,2,4,50,2,0,17,218,151,33,16,48.5,5,2
Angeliño\Angelino,ESP,DF,Manchester City,22,1997,4.7,477,16,98,199,214,10,429,5,8,62.5,5,2,321,1545,942,361,343,95,3,4
Faustino Anjorin\Faustino-Anjorin,ENG,FW,Chelsea,17,2001,0.2,12,0,1,5,6,2,12,1,1,100,1,0,10,67,40,11,8,72.7,0,1
Michail Antonio\Michail-Antonio,ENG,FW,West Ham,29,1990,19.6,851,12,47,305,557,126,811,71,107,66.4,74,3,601,4523,2699,1134,626,55.2,71,49
Stuart Armstrong\Stuart-Armstrong,SCO,MF,Southampton,27,1992,19.1,882,47,167,412,368,49,863,31,53,58.5,33,2,593,4281,2315,732,560,76.5,37,29
Kepa Arrizabalaga\Kepa-Arrizabalaga,ESP,GK,Chelsea,24,1994,33,1134,1003,1129,5,0,0,882,0,0,,0,0,681,2609,1488,646,646,100,0,0
Christian Atsu\Christian-Atsu,GHA,FWMF,Newcastle Utd,27,1992,8.3,332,12,82,133,158,20,323,19,40,47.5,21,1,255,1974,1173,321,215,67,21,20
Pierre-Emerick Aubameyang\Pierre-Emerick-Aubameyang,GAB,FW,Arsenal,30,1989,34.8,1248,29,158,502,673,168,1214,25,49,51,29,0,865,6213,3885,1528,939,61.5,58,39
Serge Aurier\Serge-Aurier,CIV,DF,Tottenham,26,1992,30,2057,119,582,894,680,54,1789,46,73,63,46,7,1198,5613,3135,1297,1146,88.4,36,31
Jordan Ayew\Jordan-Ayew,GHA,FWMF,Crystal Palace,27,1991,35,1366,30,178,671,637,136,1331,75,117,64.1,78,4,1012,7697,3824,1682,956,56.8,99,108
César Azpilicueta\Cesar-Azpilicueta,ESP,DF,Chelsea,29,1989,35.9,3273,131,985,1550,877,98,2878,15,24,62.5,17,1,1947,7181,4096,2231,2095,93.9,24,13
Eric Bailly\Eric-Bailly,CIV,DF,Manchester Utd,25,1994,1.7,87,15,39,50,0,0,87,1,1,100,1,0,58,249,145,52,52,100,0,2
Leighton Baines\Leighton-Baines,ENG,DF,Everton,34,1984,4.5,255,22,60,98,103,1,203,1,2,50,2,0,136,502,281,149,136,91.3,3,3
Fabián Balbuena\Fabian-Balbuena,PAR,DF,West Ham,27,1991,13.1,653,96,350,311,27,16,635,0,0,,0,0,308,1777,977,344,329,95.6,2,0
George Baldock\George-Baldock,ENG,DF,Sheffield Utd,26,1993,38,1937,105,417,691,932,64,1641,43,67,64.2,46,0,1156,7492,3888,1250,1055,84.4,33,31
Phil Bardsley\Phil-Bardsley,SCO,DF,Burnley,34,1985,21,1130,95,343,592,240,11,898,5,8,62.5,5,0,460,2392,1196,520,488,93.8,6,7
Ross Barkley\Ross-Barkley,ENG,MF,Chelsea,25,1993,12.3,779,15,93,405,339,43,769,33,42,78.6,34,1,650,3910,1859,695,618,88.9,20,37
Ashley Barnes\Ashley-Barnes,AUT,FW,Burnley,29,1989,15,435,15,45,195,213,55,426,11,17,64.7,13,0,257,1055,452,706,298,42.2,41,20
Harvey Barnes\Harvey-Barnes,ENG,MFFW,Leicester City,21,1997,23.1,1019,14,104,414,592,134,1016,37,78,47.4,43,4,781,6326,4327,1114,823,73.9,50,40
Chris Basham\Chris-Basham,ENG,DF,Sheffield Utd,31,1988,36,1951,249,801,879,368,42,1788,27,32,84.4,27,0,962,5324,2915,989,905,91.5,20,15
Borja Bastón\Borja-Baston,ESP,MFFW,Aston Villa,26,1992,0.2,7,1,1,5,3,1,7,0,0,,0,0,5,30,19,7,4,57.1,1,0
Michy Batshuayi\Michy-Batshuayi,BEL,FW,Chelsea,25,1993,2.7,120,2,13,54,61,32,114,4,8,50,6,0,84,522,300,181,87,48.1,10,4
Jan Bednarek\Jan-Bednarek,POL,DF,Southampton,23,1996,34,1939,260,947,1009,45,17,1878,2,2,100,2,0,896,3872,1855,966,953,98.7,5,1
Héctor Bellerín\Hector-Bellerin,ESP,DF,Arsenal,24,1995,12.9,837,34,254,430,212,28,710,16,35,45.7,21,2,489,2887,1810,548,500,91.2,11,16
Ryan Bennett\Ryan-Bennett,ENG,DF,Wolves,29,1990,6.7,315,50,166,134,27,7,300,0,0,,0,0,144,477,235,162,157,96.9,0,3
Ryan Bennett\Ryan-Bennett,ENG,DF,Leicester City,29,1990,3.7,248,12,105,138,22,0,228,0,0,,0,0,132,728,372,162,155,95.7,0,0
Nabil Bentaleb\Nabil-Bentaleb,ALG,MF,Newcastle Utd,24,1994,8.3,482,24,142,301,56,2,471,6,8,75,6,1,266,1065,416,299,288,96.3,1,4
Christian Benteke\Christian-Benteke,BEL,FW,Crystal Palace,28,1990,14,540,36,52,236,277,93,527,15,25,60,17,0,271,1886,968,724,402,55.5,44,30
Jóhann Berg Guðmundsson\Johann-Berg-Gudmundsson,ISL,MF,Burnley,28,1990,6.9,249,10,35,86,147,27,240,6,8,75,6,1,179,1177,568,216,159,73.6,4,7
Sander Berge\Sander-Berge,NOR,MF,Sheffield Utd,21,1998,10.5,497,24,89,225,210,21,488,14,17,82.4,15,0,309,1907,926,359,310,86.4,10,16
Steven Bergwijn\Steven-Bergwijn,NED,FWMF,Tottenham,21,1997,7.8,351,4,53,171,160,27,339,10,26,38.5,13,0,235,1852,1143,342,233,68.1,12,16
Bernard\Bernard,BRA,MFFW,Everton,26,1992,14.2,763,10,95,383,352,50,748,36,61,59,41,1,608,3808,2095,691,546,79,35,34
Bernardo\Bernardo,BRA,DF,Brighton,24,1995,7.5,483,30,160,211,142,14,433,9,12,75,10,0,281,1724,1003,327,285,87.2,13,10
Ryan Bertrand\Ryan-Bertrand,ENG,DF,Southampton,29,1989,30.5,1984,69,422,934,740,52,1578,9,26,34.6,10,1,1003,5856,3273,1205,1064,88.3,29,33
Muhamed Bešić\Muhamed-Besic,BIH,MF,Sheffield Utd,26,1992,2.8,137,9,36,59,49,3,136,9,10,90,9,0,96,489,174,96,84,87.5,2,2
Philip Billing\Philip-Billing,DEN,MF,Bournemouth,23,1996,28.1,1632,134,477,799,436,60,1576,20,38,52.6,22,0,853,4587,2125,1063,891,83.8,35,30
Yves Bissouma\Yves-Bissouma,MLI,MF,Brighton,22,1996,14,840,32,226,471,206,12,830,26,43,60.5,29,2,573,4114,2030,586,542,92.5,32,29
Willy Boly\Willy-Boly,FRA,DF,Wolves,28,1991,22,1235,148,653,603,47,19,1218,10,12,83.3,10,0,677,3164,1434,747,717,96,4,7
Gaëtan Bong\Gaetan-Bong,CMR,MFDF,Brighton,31,1988,0.7,44,0,4,18,23,4,41,0,1,0,0,0,34,149,83,44,35,79.5,2,2
Sofiane Boufal\Sofiane-Boufal,MAR,MFFW,Southampton,25,1993,8.5,515,6,53,199,323,53,507,54,96,56.3,61,3,447,3838,2488,468,382,81.6,21,41
Jarrod Bowen\Jarrod-Bowen,ENG,FW,West Ham,22,1996,10.2,421,8,77,161,234,52,393,16,33,48.5,17,3,313,3056,1632,352,259,73.6,17,22
Robbie Brady\Robbie-Brady,IRL,MF,Burnley,27,1992,5,249,13,47,102,118,15,238,4,10,40,5,0,148,846,404,186,149,80.1,12,9
Jarrad Branthwaite\Jarrad-Branthwaite,ENG,DF,Everton,17,2002,3.3,242,45,138,117,2,0,237,0,0,,0,0,170,872,444,183,182,99.5,1,0
Claudio Bravo\Claudio-Bravo,CHI,GK,Manchester City,36,1983,3.9,137,116,136,1,0,0,101,1,1,100,1,0,76,283,146,77,76,98.7,0,0
Armando Broja\Armando-Broja,ALB,FW,Chelsea,17,2001,0.1,5,0,0,1,4,0,5,0,0,,0,0,5,15,1,7,5,71.4,1,1
David Brooks\David-Brooks,WAL,MF,Bournemouth,22,1997,5.6,236,4,29,85,138,10,214,13,25,52,14,3,165,1025,523,221,170,76.9,10,8
Josh Brownhill\Josh-Brownhill,ENG,MF,Burnley,23,1995,8.9,410,31,98,219,107,9,403,7,7,100,7,0,213,931,375,276,244,88.4,8,4
Emi Buendía\Emi-Buendia,ARG,FWMF,Norwich City,22,1996,27.4,1983,59,395,949,787,57,1798,106,139,76.3,111,3,1457,8210,4948,1561,1329,85.1,67,90
Dan Burn\Dan-Burn,ENG,DF,Brighton,27,1992,32,2247,171,781,1121,476,32,1975,25,43,58.1,27,2,1245,6771,3558,1438,1334,92.8,25,37
Sam Byram\Sam-Byram,ENG,DF,Norwich City,25,1993,14.4,1013,91,384,405,264,41,875,5,14,35.7,7,2,466,2240,1128,585,518,88.5,19,7
Willy Caballero\Willy-Caballero,ARG,GK,Chelsea,37,1981,5,177,166,177,0,0,0,146,0,0,,0,0,116,422,208,110,110,100,0,0
Gary Cahill\Gary-Cahill,ENG,DF,Crystal Palace,33,1985,24.1,1207,198,731,486,57,42,1170,8,10,80,8,0,657,3750,1571,758,728,96,7,4
Dominic Calvert-Lewin\Dominic-Calvert-Lewin,ENG,FW,Everton,22,1997,29.2,973,38,81,422,519,144,949,15,34,44.1,18,1,503,3359,1319,1396,741,53.1,107,39
Víctor Camarasa\Victor-Camarasa,ESP,MF,Crystal Palace,25,1994,0.1,3,0,0,3,0,0,3,0,0,,0,0,3,28,9,3,3,100,0,0
João Cancelo\Joao-Cancelo,POR,DF,Manchester City,25,1994,13.4,1295,29,252,721,414,33,1195,46,63,73,49,4,969,4996,2718,970,931,96,11,13
Todd Cantwell\Todd-Cantwell,ENG,FWMF,Norwich City,21,1998,27.7,1511,42,273,757,607,92,1479,57,94,60.6,61,1,1103,6989,3729,1401,1111,79.3,59,50
Étienne Capoue\Etienne-Capoue,FRA,MF,Watford,31,1988,29.2,1748,97,455,1131,225,12,1671,32,44,72.7,33,2,1046,4341,1966,1053,995,94.5,10,28
Andy Carroll\Andy-Carroll,ENG,FW,Newcastle Utd,30,1989,7,320,26,44,148,137,31,315,5,8,62.5,6,1,156,668,217,404,232,57.4,28,19
Jonny Castro\Jonny-Castro,ESP,DF,Wolves,25,1994,32.1,1866,76,470,821,681,71,1562,30,76,39.5,40,2,1085,6777,4341,1199,1042,86.9,41,50
Craig Cathcart\Craig-Cathcart,NIR,DF,Watford,30,1989,27.6,1157,160,633,539,24,11,1135,4,6,66.7,4,0,607,2639,1066,600,584,97.3,3,5
Dani Ceballos\Dani-Ceballos,ESP,MF,Arsenal,22,1996,18.8,1492,56,346,882,403,21,1397,29,41,70.7,31,4,1083,7449,4007,1134,1074,94.7,12,25
Nathaniel Chalobah\Nathaniel-Chalobah,ENG,MF,Watford,24,1994,10.3,488,27,111,279,118,9,465,6,14,42.9,6,3,266,1117,517,297,246,82.8,7,12
Calum Chambers\Calum-Chambers,ENG,DF,Arsenal,24,1995,12.2,1028,130,457,429,188,27,936,13,18,72.2,13,1,681,2959,1638,715,678,94.8,7,11
Ben Chilwell\Ben-Chilwell,ENG,DF,Leicester City,22,1996,26.4,2310,77,627,1154,729,58,2015,23,46,50,25,0,1500,10242,6221,1634,1524,93.3,35,37
Tahith Chong\Tahith-Chong,NED,FWMF,Manchester Utd,19,1999,0.4,20,1,1,9,11,2,20,1,3,33.3,1,0,20,112,58,23,17,73.9,2,0
Hamza Choudhury\Hamza-Choudhury,ENG,MF,Leicester City,21,1997,9.9,609,30,162,364,109,11,599,7,13,53.8,7,0,400,1566,647,429,403,93.9,5,9
Andreas Christensen\Andreas-Christensen,DEN,DF,Chelsea,23,1996,19.5,1449,168,741,750,47,12,1417,2,2,100,2,0,1024,6114,3327,1068,1056,98.9,3,2
Ciaran Clark\Ciaran-Clark,IRL,DF,Newcastle Utd,29,1989,13.2,495,107,296,185,33,9,471,5,7,71.4,5,1,215,1071,392,223,207,92.8,4,2
Leon Clarke\Leon-Clarke,ENG,FWMF,Sheffield Utd,34,1985,0.4,11,2,4,2,5,2,11,0,0,,0,0,1,5,4,14,8,57.1,0,0
Tom Cleverley\Tom-Cleverley,ENG,MF,Watford,29,1989,10.8,583,21,106,288,214,25,555,4,6,66.7,4,0,374,1359,588,449,374,83.3,8,6
Conor Coady\Conor-Coady,ENG,DF,Wolves,26,1993,38,2046,354,1366,787,1,0,2012,6,6,100,6,0,1324,6936,3166,1357,1352,99.6,3,2
Séamus Coleman\Seamus-Coleman,IRL,DF,Everton,30,1988,20.4,1307,86,434,634,330,30,1089,38,62,61.3,44,6,783,5032,2799,782,691,88.4,24,17
Aaron Connolly\Aaron-Connolly,IRL,FW,Brighton,19,2000,14,349,2,21,148,200,61,334,6,16,37.5,6,1,228,1712,944,535,235,43.9,42,34
Lewis Cook\Lewis-Cook,ENG,MF,Bournemouth,22,1997,15,862,41,217,462,236,13,844,35,43,81.4,36,5,635,3349,1481,654,590,90.2,19,28
Steve Cook\Steve-Cook,ENG,DF,Bournemouth,28,1991,27,1559,262,941,621,69,26,1500,4,4,100,4,0,823,4492,2115,923,891,96.5,6,4
Jack Cork\Jack-Cork,ENG,MF,Burnley,30,1989,29,1229,64,219,793,286,31,1222,26,35,74.3,26,1,746,3859,1597,788,670,85,25,44
Aaron Cresswell\Aaron-Cresswell,ENG,DF,West Ham,29,1989,30.3,1971,107,549,943,562,26,1581,16,38,42.1,19,2,1076,4665,2306,1139,1047,91.9,9,13
Patrick Cutrone\Patrick-Cutrone,ITA,FW,Wolves,21,1998,3.3,105,1,10,51,49,17,98,5,9,55.6,6,0,70,478,231,173,60,34.7,10,9
Diogo Dalot\Diogo-Dalot,POR,DF,Manchester Utd,20,1999,0.7,78,4,12,31,35,4,64,0,0,,0,0,46,230,124,49,46,93.9,0,5
Charlie Daniels\Charlie-Daniels,ENG,DF,Bournemouth,32,1986,1.4,62,8,22,26,14,1,52,0,0,,0,0,37,169,67,30,29,96.7,1,0
Scott Dann\Scott-Dann,ENG,DF,Crystal Palace,32,1987,14.1,683,120,428,271,25,21,655,5,6,83.3,5,0,346,1666,983,391,378,96.7,1,0
Kevin Danso\Kevin-Danso,AUT,DF,Southampton,20,1998,3.1,206,12,65,104,49,2,173,3,6,50,3,0,115,683,322,123,109,88.6,8,1
Ben Davies\Ben-Davies,WAL,DF,Tottenham,26,1993,15.9,1138,58,385,575,228,23,968,8,15,53.3,8,0,589,2749,1578,667,642,96.3,5,9
Tom Davies\Tom-Davies,ENG,MF,Everton,21,1998,22.5,1118,48,288,691,204,23,1097,21,34,61.8,24,0,688,3888,2018,770,689,89.5,22,30
Keinan Davis\Keinan-Davis,ENG,FW,Aston Villa,21,1998,6.1,224,5,17,102,122,33,219,9,15,60,9,1,168,1169,571,311,179,57.6,19,19
Craig Dawson\Craig-Dawson,ENG,DF,Watford,29,1990,26.2,1225,167,634,562,79,47,1197,2,2,100,2,0,631,2921,1372,693,657,94.8,9,6
Kevin De Bruyne\Kevin-De-Bruyne,BEL,MF,Manchester City,28,1991,31,2577,30,220,1135,1405,164,2305,63,97,64.9,65,1,1816,9863,6500,2180,1949,89.4,43,44
Troy Deeney\Troy-Deeney,ENG,FW,Watford,31,1988,24.7,951,26,75,447,456,110,924,11,22,50,11,0,429,1700,712,1367,707,51.7,64,26
Fabian Delph\Fabian-Delph,ENG,MF,Everton,29,1989,13.2,895,32,230,582,150,1,882,20,24,83.3,20,0,620,3263,1515,635,613,96.5,10,9
Leander Dendoncker\Leander-Dendoncker,BEL,MFDF,Wolves,24,1995,31.1,1599,113,576,901,198,39,1583,17,21,81,17,1,957,4352,2169,1186,1011,85.2,23,16
Gerard Deulofeu\Gerard-Deulofeu,ESP,FW,Watford,25,1994,23.3,1126,13,145,428,669,157,1036,63,108,58.3,69,2,895,8042,5493,1107,769,69.5,53,50
Eric Dier\Eric-Dier,ENG,DFMF,Tottenham,25,1994,14.9,1035,118,475,547,61,11,1015,3,5,60,4,0,611,2911,1466,723,698,96.5,6,4
Lucas Digne\Lucas-Digne,FRA,DF,Everton,26,1993,33.7,2366,110,626,963,881,63,1827,25,43,58.1,27,2,1064,5744,3303,1288,1111,86.3,18,32
Virgil van Dijk\Virgil-van-Dijk,NED,DF,Liverpool,28,1991,38,3465,340,1427,2086,108,49,3382,3,5,60,4,0,2321,9327,4883,2568,2514,97.9,2,2
Issa Diop\Issa-Diop,FRA,DF,West Ham,22,1997,30.7,1268,238,698,600,34,22,1226,4,5,80,4,0,602,3976,1928,625,603,96.5,3,5
Moussa Djenepo\Moussa-Djenepo,MLI,MFDF,Southampton,21,1998,10.3,468,15,85,196,228,48,458,48,70,68.6,49,1,359,3030,2045,440,318,72.3,34,24
Matt Doherty\Matt-Doherty,IRL,DF,Wolves,27,1992,31.5,2157,82,508,1098,661,95,1822,29,52,55.8,30,5,1185,6275,4064,1542,1319,85.5,46,23
Abdoulaye Doucouré\Abdoulaye-Doucoure,FRA,MF,Watford,26,1993,35.1,2065,74,421,1114,668,98,2053,49,78,62.8,51,2,1427,7288,3971,1619,1370,84.6,44,50
Thomas Doyle\Thomas-Doyle,ENG,MFFW,Manchester City,17,2001,0.2,20,0,2,16,7,0,20,0,0,,0,0,19,100,20,19,19,100,0,0
Danny Drinkwater\Danny-Drinkwater,ENG,MF,Burnley,29,1990,0.6,26,2,6,19,1,0,25,0,1,0,0,0,11,43,5,16,11,68.8,0,1
Danny Drinkwater\Danny-Drinkwater,ENG,MF,Aston Villa,29,1990,2.9,199,6,62,110,33,2,195,2,3,66.7,2,0,117,489,173,136,126,92.6,2,6
Josip Drmić\Josip-Drmic,SUI,FWMF,Norwich City,26,1992,7.2,240,6,20,134,96,24,228,6,14,42.9,6,1,155,682,260,300,159,53,24,13
Martin Dúbravka\Martin-Dubravka,SVK,GK,Newcastle Utd,30,1989,38,1201,1030,1195,7,0,0,719,0,0,,0,0,435,2614,1424,338,338,100,3,0
Ondrej Duda\Ondrej-Duda,SVK,MF,Norwich City,24,1994,8,467,16,79,250,156,9,429,5,12,41.7,5,3,278,1230,526,401,307,76.6,14,3
Shane Duffy\Shane-Duffy,IRL,DF,Brighton,27,1992,13.8,800,124,503,304,35,16,766,2,5,40,3,0,420,2022,1047,465,455,97.8,6,2
Paul Dummett\Paul-Dummett,WAL,DF,Newcastle Utd,27,1991,13.6,663,92,337,264,86,6,613,1,3,33.3,1,0,327,1291,647,358,335,93.6,3,1
Lewis Dunk\Lewis-Dunk,ENG,DF,Brighton,27,1991,35.9,2547,436,1559,1029,107,43,2448,3,7,42.9,3,0,1596,8765,4727,1737,1712,98.6,7,10
Ederson\Ederson,BRA,GK,Manchester City,25,1993,34.1,1133,947,1121,25,0,0,950,0,0,,0,0,702,3209,2148,668,665,99.6,2,0
John Egan\John-Egan,IRL,DF,Sheffield Utd,26,1992,35.4,1670,248,896,792,65,47,1638,3,3,100,3,1,803,4700,2585,861,831,96.5,8,1
Harvey Elliot\Harvey-Elliot,ENG,DF,Liverpool,16,2003,0.1,16,0,0,5,11,0,12,1,1,100,1,0,10,44,13,14,11,78.6,0,1
Ahmed Elmohamady\Ahmed-Elmohamady,EGY,DF,Aston Villa,31,1987,11.5,718,48,211,327,240,17,622,6,9,66.7,7,0,429,2352,1408,462,424,91.8,4,5
Björn Engels\Bjorn-Engels,BEL,DF,Aston Villa,24,1994,16.1,776,154,489,310,34,13,757,2,2,100,2,0,435,2540,1449,469,461,98.3,0,2
Christian Eriksen\Christian-Eriksen,DEN,MFFW,Tottenham,27,1992,12.2,868,17,136,430,350,21,779,3,12,25,3,0,554,2673,1495,679,573,84.4,17,14
Jonny Evans\Jonny-Evans,NIR,DF,Leicester City,31,1988,37.6,2810,399,1484,1373,104,39,2732,9,10,90,9,0,1775,9493,5297,1905,1871,98.2,6,7
Łukasz Fabiański\Lukasz-Fabianski,POL,GK,West Ham,34,1985,23.5,728,656,728,0,0,0,465,1,1,100,1,0,304,1956,992,229,226,98.7,1,0
Fabinho\Fabinho,BRA,MF,Liverpool,25,1993,23.1,1735,42,379,1114,326,13,1715,10,12,83.3,11,1,1136,5164,2355,1257,1205,95.9,11,12
Ralf Fährmann\Ralf-Fahrmann,GER,GK,Norwich City,30,1988,0.2,12,11,11,1,0,0,9,0,0,,0,0,4,18,13,4,4,100,0,0
Akin Famewo\Akin-Famewo,ENG,MF,Norwich City,20,1998,0,0,0,0,0,0,0,0,0,0,,0,0,0,0,0,0,0,,0,0
Kiko Femenía\Kiko-Femenia,ESP,DF,Watford,28,1991,24.9,1505,64,425,703,459,21,1230,25,36,69.4,25,1,832,4507,2325,810,753,93,16,12
Bruno Fernandes\Bruno-Fernandes,POR,MF,Manchester Utd,24,1994,13.2,1000,17,100,490,474,41,894,15,21,71.4,15,1,655,3372,2012,849,737,86.8,23,16
Gedson Fernandes\Gedson-Fernandes,POR,MFDF,Tottenham,20,1999,0.8,66,1,6,28,39,6,59,2,5,40,3,0,49,359,219,62,47,75.8,3,4
Federico Fernández\Federico-Fernandez,ARG,DF,Newcastle Utd,30,1989,29.1,1561,274,1005,467,161,21,1433,11,14,78.6,11,0,820,3800,1841,865,838,96.9,6,11
Fernandinho\Fernandinho,BRA,DF,Manchester City,34,1985,26.6,2435,241,971,1526,113,21,2381,12,14,85.7,12,2,1751,11286,7387,1884,1854,98.4,6,7
Roberto Firmino\Roberto-Firmino,BRA,FW,Liverpool,27,1991,33.2,1573,21,116,741,810,230,1543,59,97,60.8,64,2,1168,6485,3587,1818,1218,67,64,59
John Fleck\John-Fleck,SCO,MF,Sheffield Utd,27,1991,28,1406,36,211,621,659,54,1277,43,62,69.4,48,3,892,4839,2790,1004,870,86.7,30,22
Phil Foden\Phil-Foden,ENG,FWMF,Manchester City,19,2000,10,628,3,48,262,356,72,616,24,31,77.4,25,0,482,2649,1496,591,516,87.3,10,23
Pablo Fornals\Pablo-Fornals,ESP,MFFW,West Ham,23,1996,24.1,1149,14,170,542,512,51,1113,20,39,51.3,22,3,798,4337,2307,1055,786,74.5,22,38
Ben Foster\Ben-Foster,ENG,GK,Watford,36,1983,38,1309,1057,1277,35,1,1,845,3,3,100,3,0,534,3603,2217,397,396,99.7,0,0
Timothy Fosu-Mensah\Timothy-Fosu-Mensah,NED,DF,Manchester Utd,21,1998,1.5,84,2,20,49,20,3,77,1,1,100,1,0,50,229,123,67,57,85.1,2,1
Dimitri Foulquier\Dimitri-Foulquier,FRA,MFDF,Watford,26,1993,0.7,20,3,7,9,6,0,19,2,2,100,2,0,12,109,71,13,9,69.2,1,1
Juan Foyth\Juan-Foyth,ARG,DF,Tottenham,21,1998,0.8,77,7,31,42,10,0,69,1,3,33.3,1,0,44,214,122,46,42,91.3,1,2
Simon Francis\Simon-Francis,ENG,DF,Bournemouth,34,1985,10.8,695,113,401,245,73,10,655,4,7,57.1,4,0,366,1861,747,410,382,93.2,1,2
Ryan Fraser\Ryan-Fraser,SCO,MFFW,Bournemouth,25,1994,23,1135,29,200,431,613,69,1014,10,23,43.5,12,0,799,5673,3499,1001,786,78.5,32,21
Fred\Fred,BRA,MF,Manchester Utd,26,1993,24,2035,69,480,1216,487,23,1943,40,52,76.9,43,4,1482,7763,3976,1478,1393,94.2,28,40
Ryan Fredericks\Ryan-Fredericks,ENG,DF,West Ham,26,1992,24.9,1382,91,440,605,418,32,1174,13,29,44.8,13,0,727,4334,2684,800,721,90.1,20,16
Kieron Freeman\Kieron-Freeman,WAL,FW,Sheffield Utd,27,1992,0.1,3,0,0,0,3,0,3,0,0,,0,0,1,1,0,4,2,50,1,0
Luke Freeman\Luke-Freeman,ENG,MF,Sheffield Utd,27,1992,4.1,204,7,29,77,117,9,197,7,8,87.5,7,0,146,1043,585,157,124,79,4,13
Christian Fuchs\Christian-Fuchs,AUT,DF,Leicester City,33,1986,8.6,735,29,275,377,111,2,647,4,7,57.1,4,1,438,1859,851,482,465,96.5,5,1
Eric García\Eric-Garcia,ESP,DF,Manchester City,18,2001,8.8,785,61,325,489,18,3,778,7,7,100,7,0,611,2664,1456,645,637,98.8,1,1
James Garner\James-Garner,ENG,MF,Manchester Utd,18,2001,0.1,17,1,1,12,4,0,17,0,0,,0,0,11,21,5,14,14,100,0,0
Dwight Gayle\Dwight-Gayle,ENG,FW,Newcastle Utd,28,1990,9.4,243,8,27,123,104,37,227,4,5,80,4,0,115,645,287,303,161,53.1,18,11
Paulo Gazzaniga\Paulo-Gazzaniga,ARG,GK,Tottenham,27,1992,17.9,553,505,553,0,0,0,391,0,0,,0,0,239,909,496,231,229,99.1,1,0
Jean-Philippe Gbamin\Jean-Philippe-Gbamin,CIV,MF,Everton,23,1995,1.5,85,8,20,57,14,0,83,1,1,100,1,0,57,337,142,56,54,96.4,0,5
David de Gea\David-de-Gea,ESP,GK,Manchester Utd,28,1990,38,997,927,997,0,0,0,658,0,0,,0,0,420,1853,878,373,372,99.7,0,0
Anwar El Ghazi\Anwar-El-Ghazi,NED,FWMF,Aston Villa,24,1995,22.8,843,29,121,311,487,73,798,35,56,62.5,37,3,591,4370,2609,912,606,66.4,37,41
Morgan Gibbs-White\Morgan-Gibbs-White,ENG,MFFW,Wolves,19,2000,1.4,99,1,15,49,43,5,97,1,5,20,1,0,77,462,265,99,80,80.8,7,1
Billy Gilmour\Billy-Gilmour,SCO,MF,Chelsea,18,2001,2.2,196,5,54,125,34,2,195,3,6,50,3,0,145,711,310,157,150,95.5,2,6
Olivier Giroud\Olivier-Giroud,FRA,FW,Chelsea,32,1986,11,415,16,28,229,165,65,389,2,3,66.7,2,0,170,395,207,541,301,55.6,18,6
Ben Godfrey\Ben-Godfrey,ENG,DF,Norwich City,21,1998,29.4,1907,390,1246,725,68,11,1861,7,14,50,7,0,1247,7680,3897,1324,1305,98.6,4,7
André Gomes\Andre-Gomes,POR,MF,Everton,26,1993,16.2,989,33,234,662,157,10,965,26,35,74.3,26,2,759,3840,1714,763,710,93.1,15,26
Angel Gomes\Angel-Gomes,ENG,MF,Manchester Utd,18,2000,0.2,15,0,0,11,8,1,15,0,0,,0,0,13,78,50,18,14,77.8,0,1
Joe Gomez\Joe-Gomez,ENG,DF,Liverpool,22,1997,22.3,2141,175,860,1344,67,4,2097,11,16,68.8,12,0,1564,8111,4142,1578,1566,99.2,10,2
Anthony Gordon\Anthony-Gordon,ENG,MFFW,Everton,18,2001,4.9,197,4,35,107,75,8,189,9,20,45,11,0,142,1020,605,165,133,80.6,7,12
Dan Gosling\Dan-Gosling,ENG,MF,Bournemouth,29,1990,14,717,40,192,359,196,34,708,6,14,42.9,6,0,413,1791,744,549,449,81.8,26,31
Andre Gray\Andre-Gray,ENG,FW,Watford,28,1991,8.4,239,4,10,84,156,44,231,6,13,46.2,7,1,160,736,310,391,181,46.3,29,19
Demarai Gray\Demarai-Gray,ENG,MFFW,Leicester City,23,1996,6.9,431,4,46,185,247,40,415,11,27,40.7,13,0,351,2741,1573,407,325,79.9,18,20
Jack Grealish\Jack-Grealish,ENG,FWMF,Aston Villa,23,1995,35.9,2029,44,337,912,1046,140,1857,71,120,59.2,76,5,1582,15461,9105,1776,1467,82.6,62,78
Mason Greenwood\Mason-Greenwood,ENG,FW,Manchester Utd,17,2001,14.7,645,5,68,286,328,60,642,21,31,67.7,21,1,506,2868,1580,683,516,75.5,31,22
Arnaut Groeneveld\Arnaut-Groeneveld,NED,MF,Bournemouth,22,1997,7,310,5,61,153,133,29,303,21,37,56.8,23,0,244,2144,1286,304,241,79.3,15,14
Pascal Groß\Pascal-Gross,GER,FWMF,Brighton,28,1991,20,1222,12,125,560,613,55,1083,10,19,52.6,10,1,810,3813,1641,1118,855,76.5,32,24
Vicente Guaita\Vicente-Guaita,ESP,GK,Crystal Palace,32,1987,35,1148,1026,1143,7,0,0,796,0,0,,0,0,499,2378,1599,425,425,100,0,0
Mattéo Guendouzi\Matteo-Guendouzi,FRA,MF,Arsenal,20,1999,19.4,1357,76,364,858,265,21,1332,29,42,69,29,2,1042,7210,3891,1053,993,94.3,9,28
Frederic Guilbert\Frederic-Guilbert,FRA,DF,Aston Villa,24,1994,22.7,1359,110,439,605,391,12,1146,24,41,58.5,28,2,626,3648,2093,720,639,88.8,14,32
İlkay Gündoğan\Ilkay-Gundogan,GER,MF,Manchester City,28,1990,22.4,2117,55,298,1339,609,47,2057,22,27,81.5,23,0,1520,6629,3239,1788,1712,95.7,5,12
Angus Gunn\Angus-Gunn,ENG,GK,Southampton,23,1996,10,278,234,277,2,0,0,167,0,0,,0,0,100,671,370,83,81,97.6,0,0
Sébastien Haller\Sebastien-Haller,FRA,FW,West Ham,25,1994,25.2,1062,31,96,605,408,123,1031,24,38,63.2,25,2,580,2473,1156,1520,809,53.2,70,40
Grant Hanley\Grant-Hanley,SCO,DF,Norwich City,27,1991,14,831,149,541,324,15,10,801,2,3,66.7,2,0,486,2302,1014,516,502,97.3,1,2
Kortney Hause\Kortney-Hause,ENG,DF,Aston Villa,24,1995,17.2,1024,182,604,432,46,27,980,11,14,78.6,11,1,510,3279,1619,549,528,96.2,6,14
Isaac Hayden\Isaac-Hayden,ENG,MF,Newcastle Utd,24,1995,24.7,1091,46,312,557,267,30,1048,31,45,68.9,34,1,649,2754,1338,719,609,84.7,25,31
Tom Heaton\Tom-Heaton,ENG,GK,Aston Villa,33,1986,19.9,671,597,659,11,1,0,399,0,0,,0,0,239,1226,696,205,202,98.5,0,0
Dean Henderson\Dean-Henderson,ENG,GK,Sheffield Utd,22,1997,36,1125,1007,1117,8,1,1,751,0,0,,0,0,486,3635,2083,372,371,99.7,1,0
Jordan Henderson\Jordan-Henderson,ENG,MF,Liverpool,29,1990,24.9,2098,40,327,1374,508,45,2055,18,33,54.5,22,3,1456,7357,3525,1674,1553,92.8,17,11
Jeff Hendrick\Jeff-Hendrick,IRL,MF,Burnley,27,1992,21.5,780,40,151,385,282,41,752,25,48,52.1,27,0,515,2773,1291,603,471,78.1,19,35
Wayne Hennessey\Wayne-Hennessey,WAL,GK,Crystal Palace,32,1987,3,116,104,114,2,0,0,64,0,0,,0,0,37,167,105,36,36,100,0,0
Javier Hernández\Javier-Hernandez,MEX,FW,West Ham,31,1988,1.2,29,0,1,19,10,4,24,0,1,0,1,1,14,35,8,39,18,46.2,0,2
Onel Hernández\Onel-Hernandez,CUB,FWMF,Norwich City,26,1993,15.4,565,19,104,205,309,78,556,43,68,63.2,45,3,455,4186,2955,554,368,66.4,32,50
Son Heung-min\Son-Heung-min,KOR,FWMF,Tottenham,27,1992,27.5,1241,26,155,492,691,147,1162,67,116,57.8,75,4,936,6827,4078,1273,868,68.2,46,69
George Hirst\George-Hirst,ENG,FW,Leicester City,20,1999,0.1,14,0,0,6,8,2,14,0,0,,0,0,8,33,10,14,12,85.7,1,1
Rob Holding\Rob-Holding,ENG,DF,Arsenal,23,1995,6.5,421,84,248,189,14,7,413,2,6,33.3,2,1,274,1585,926,302,297,98.3,3,0
José Holebas\Jose-Holebas,GRE,DF,Watford,35,1984,11.4,720,37,178,352,219,10,537,6,14,42.9,7,1,329,1596,907,387,347,89.7,4,5
Mason Holgate\Mason-Holgate,ENG,DF,Everton,22,1996,22.8,1268,189,724,592,46,14,1233,10,12,83.3,10,0,734,5026,2906,774,762,98.4,2,4
Nathan Holland\Nathan-Holland,ENG,MF,West Ham,21,1998,0.4,21,0,3,6,14,1,20,3,4,75,3,0,21,136,90,21,18,85.7,1,1
Conor Hourihane\Conor-Hourihane,IRL,MF,Aston Villa,28,1991,17,855,40,135,402,343,32,703,6,9,66.7,6,0,449,1694,724,585,492,84.1,10,11
Callum Hudson-Odoi\Callum-Hudson-Odoi,ENG,FW,Chelsea,18,2000,9.6,624,3,55,214,396,56,599,34,54,63,37,1,530,3783,2313,621,494,79.5,25,29
Will Hughes\Will-Hughes,ENG,MFFW,Watford,24,1995,25,1260,48,245,633,466,50,1198,25,31,80.6,26,2,741,4023,2474,839,693,82.6,31,38
Pierre Højbjerg\Pierre-Hojbjerg,DEN,MF,Southampton,23,1995,30.6,2214,95,446,1360,526,50,2158,41,55,74.5,46,0,1412,7509,3280,1458,1336,91.6,40,37
Jordon Ibe\Jordon-Ibe,ENG,DF,Bournemouth,23,1995,0.6,31,3,7,20,8,1,28,1,3,33.3,2,1,23,285,189,18,17,94.4,3,1
Adam Idah\Adam-Idah,IRL,FWMF,Norwich City,18,2001,2.5,88,1,8,43,39,10,83,0,3,0,0,0,53,328,130,113,61,54,11,9
Odion Ighalo\Odion-Ighalo,NGA,FW,Manchester Utd,30,1989,1.1,46,1,1,22,25,14,46,4,7,57.1,4,0,38,206,96,56,35,62.5,2,5
Kelechi Iheanacho\Kelechi-Iheanacho,NGA,FW,Leicester City,22,1996,10.7,426,5,32,173,243,80,420,19,29,65.5,21,1,332,1836,1056,583,344,59,43,28
Danny Ings\Danny-Ings,ENG,FW,Southampton,27,1992,31.2,1115,37,117,463,602,180,1099,57,93,61.3,63,7,745,4367,2333,1256,723,57.6,70,53
Alex Iwobi\Alex-Iwobi,NGA,MFFW,Everton,23,1996,17.7,787,16,125,386,348,48,776,27,40,67.5,27,4,620,4339,2568,698,544,77.9,29,30
Phil Jagielka\Phil-Jagielka,ENG,DF,Sheffield Utd,36,1982,2.7,117,26,76,42,3,1,114,0,0,,0,0,41,200,46,45,43,95.6,1,0
Alireza Jahanbakhsh\Alireza-Jahanbakhsh,IRN,FWMF,Brighton,25,1993,3.5,194,4,21,60,127,12,190,7,13,53.8,7,0,152,778,402,180,142,78.9,6,8
Daniel James\Daniel-James,WAL,FW,Manchester Utd,21,1997,25.4,1085,10,135,438,622,102,1074,28,63,44.4,30,5,870,7217,5052,1097,827,75.4,33,46
Matty James\Matty-James,ENG,MF,Leicester City,28,1991,0.1,6,0,3,3,0,0,6,0,0,,0,0,5,21,5,6,6,100,0,0
Reece James\Reece-James,ENG,DF,Chelsea,19,1999,16.8,1483,43,352,714,503,23,1300,28,38,73.7,29,0,1026,4899,2452,1044,983,94.2,14,27
Daryl Janmaat\Daryl-Janmaat,NED,DF,Watford,30,1989,6.7,409,31,111,179,146,8,355,9,12,75,9,0,267,1322,764,276,247,89.5,4,4
Gabriel Jesus\Gabriel-Jesus,BRA,FW,Manchester City,22,1997,22.6,916,8,57,357,542,204,896,51,73,69.9,52,1,647,3206,1582,1090,686,62.9,51,35
Raúl Jiménez\Raul-Jimenez,MEX,FW,Wolves,28,1991,36,1489,37,125,785,668,199,1448,75,110,68.2,76,4,1050,6590,3674,1839,1150,62.5,97,88
Joelinton\Joelinton,BRA,FW,Newcastle Utd,22,1996,29.8,1224,40,129,684,474,109,1185,48,74,64.9,52,2,771,4780,2257,1573,873,55.5,127,82
Ben Johnson\Ben-Johnson,ENG,DF,West Ham,19,2000,3,196,15,71,87,43,0,167,1,1,100,1,0,95,465,199,109,104,95.4,1,2
Curtis Jones\Curtis-Jones,ENG,MF,Liverpool,18,2001,1.4,146,1,21,79,54,7,146,4,4,100,4,0,116,588,347,124,115,92.7,3,3
Phil Jones\Phil-Jones,ENG,DF,Manchester Utd,27,1992,1.5,116,12,60,56,9,2,113,0,0,,0,0,66,435,262,68,67,98.5,0,0
Bruno Jordão\Bruno-Jordao,POR,FW,Wolves,20,1998,0.1,6,0,0,4,2,0,6,0,0,,0,0,5,39,27,3,3,100,0,0
Jorginho\Jorginho,ITA,MF,Chelsea,27,1991,26.4,2472,81,589,1623,408,15,2418,17,24,70.8,19,0,1801,7674,3786,1862,1791,96.2,8,22
Jota\Jota,ESP,FWMF,Aston Villa,28,1991,3.7,145,8,24,69,70,11,140,8,17,47.1,12,1,118,995,551,131,98,74.8,5,11
Diogo Jota\Diogo-Jota,POR,FWMF,Wolves,22,1996,25.4,1248,10,129,626,629,155,1209,76,132,57.6,85,12,1028,8170,5851,1293,943,72.9,66,72
James Justin\James-Justin,ENG,DF,Leicester City,21,1998,11.2,944,28,248,489,267,19,834,13,17,76.5,14,0,596,2897,1685,661,606,91.7,13,16
Christian Kabasele\Christian-Kabasele,BEL,DF,Watford,28,1991,25,947,197,574,387,27,18,936,7,8,87.5,8,0,458,2277,883,448,433,96.7,7,8
Harry Kane\Harry-Kane,ENG,FW,Tottenham,26,1993,28.7,923,39,85,467,434,132,886,28,59,47.5,34,3,607,3924,2018,1328,689,51.9,52,43
N'Golo Kanté\NGolo-Kante,FRA,MF,Chelsea,28,1991,19.2,1398,50,289,785,417,37,1389,28,46,60.9,30,1,970,5311,2819,1045,915,87.6,26,32
Moise Kean\Moise-Kean,ITA,FW,Everton,19,2000,9.5,275,6,25,110,165,52,270,30,44,68.2,32,5,216,1706,961,419,198,47.3,22,26
Michael Keane\Michael-Keane,ENG,DF,Everton,26,1993,28.4,1720,329,1031,730,44,29,1681,0,0,,0,0,948,5581,2876,1064,1042,97.9,3,3
Naby Keïta\Naby-Keita,GUI,MF,Liverpool,24,1995,9.1,783,8,88,493,261,26,775,20,26,76.9,21,1,588,3545,2087,668,605,90.6,8,10
Lloyd Kelly\Lloyd-Kelly,ENG,DF,Bournemouth,20,1998,7.1,283,44,151,95,55,7,246,1,1,100,1,0,137,880,375,134,125,93.3,4,1
Martin Kelly\Martin-Kelly,ENG,DF,Crystal Palace,29,1990,17.2,865,100,405,401,93,5,738,3,5,60,3,1,429,2041,908,457,433,94.7,7,7
Max Kilman\Max-Kilman,ENG,DF,Wolves,22,1997,2.1,118,16,65,58,1,0,118,1,1,100,1,0,66,302,173,77,74,96.1,0,0
Joshua King\Joshua-King,NOR,FWMF,Bournemouth,27,1992,22.3,824,12,104,356,451,104,809,62,122,50.8,67,7,668,5794,3505,983,601,61.1,73,72
Timm Klose\Timm-Klose,SUI,DF,Norwich City,31,1988,6.5,452,66,272,198,8,4,438,0,1,0,1,0,270,1357,675,309,305,98.7,2,2
Jonathan Kodjia\Jonathan-Kodjia,CIV,FWMF,Aston Villa,29,1989,1.3,49,3,5,23,24,7,43,2,2,100,2,0,27,208,100,62,29,46.8,4,2
Sead Kolašinac\Sead-Kolasinac,BIH,DF,Arsenal,26,1993,18.9,1182,67,359,601,296,31,1071,14,18,77.8,14,0,730,3768,2366,796,744,93.5,10,14
Ezri Konsa\Ezri-Konsa,ENG,DF,Aston Villa,21,1998,22.7,1066,122,509,502,106,19,968,7,11,63.6,7,0,557,2578,1385,610,577,94.6,5,6
Cheikhou Kouyaté\Cheikhou-Kouyate,SEN,MFDF,Crystal Palace,29,1989,28.1,1210,84,397,622,252,55,1194,18,35,51.4,20,1,679,3472,1659,861,684,79.4,38,22
Mateo Kovačić\Mateo-Kovacic,CRO,MF,Chelsea,25,1994,23,2085,38,402,1365,474,21,2048,59,77,76.6,60,1,1693,9800,4922,1729,1646,95.2,21,24
Emil Krafth\Emil-Krafth,SWE,DF,Newcastle Utd,24,1994,11.3,540,55,245,217,110,15,465,6,6,100,6,1,292,1392,806,311,286,92,7,3
Tim Krul\Tim-Krul,NED,GK,Norwich City,31,1988,36,1658,1396,1635,28,0,0,1221,0,1,0,0,0,772,3610,1963,840,834,99.3,0,0
Alexandre Lacazette\Alexandre-Lacazette,FRA,FW,Arsenal,28,1991,20.8,786,22,97,366,361,116,742,25,46,54.3,27,3,543,2669,1258,906,555,61.3,60,43
Adam Lallana\Adam-Lallana,ENG,MFFW,Liverpool,31,1988,4.2,333,7,52,178,126,12,331,2,6,33.3,4,1,236,1117,523,273,236,86.4,5,7
Érik Lamela\Erik-Lamela,ARG,MFFW,Tottenham,27,1992,13.5,772,17,94,360,396,44,717,31,45,68.9,33,0,581,4364,2569,701,551,78.6,28,30
Tariq Lamptey\Tariq-Lamptey,ENG,DF,Brighton,18,2000,6.5,326,22,110,137,108,11,280,23,30,76.7,24,1,211,1456,944,196,171,87.2,11,13
Tariq Lamptey\Tariq-Lamptey,ENG,DF,Chelsea,18,2000,0.4,18,0,3,8,9,1,13,0,0,,0,0,8,73,56,5,5,100,0,1
Henri Lansbury\Henri-Lansbury,ENG,MF,Aston Villa,28,1990,2.2,105,2,24,53,30,5,104,1,1,100,1,0,53,190,58,81,61,75.3,3,1
Manuel Lanzini\Manuel-Lanzini,ARG,MFFW,West Ham,26,1993,15.3,941,14,117,558,337,34,881,28,42,66.7,28,0,733,4633,2375,858,708,82.5,26,24
Aymeric Laporte\Aymeric-Laporte,FRA,DF,Manchester City,25,1994,12.2,1192,115,485,779,36,4,1172,2,2,100,2,0,903,5957,4049,977,960,98.3,3,1
Jamaal Lascelles\Jamaal-Lascelles,ENG,DF,Newcastle Utd,25,1993,23.1,1074,207,728,353,41,18,1059,8,12,66.7,8,0,542,2854,1101,565,549,97.2,5,3
Valentino Lazaro\Valentino-Lazaro,AUT,DFMF,Newcastle Utd,23,1996,5.3,240,18,92,96,64,7,211,12,20,60,15,0,161,911,470,190,148,77.9,5,6
Moritz Leitner\Moritz-Leitner,GER,MF,Norwich City,26,1992,7.6,645,17,177,353,165,11,623,7,13,53.8,9,0,469,2739,1639,530,484,91.3,9,10
Florian Lejeune\Florian-Lejeune,FRA,DF,Newcastle Utd,28,1991,4.9,249,22,136,103,18,5,231,2,3,66.7,2,0,123,592,227,117,112,95.7,0,5
Aaron Lennon\Aaron-Lennon,ENG,MF,Burnley,32,1987,5.5,189,12,39,79,83,6,187,6,8,75,6,0,125,788,467,156,115,73.7,7,5
Bernd Leno\Bernd-Leno,GER,GK,Arsenal,27,1992,29.4,1074,973,1067,8,0,0,768,1,2,50,1,0,497,1995,1050,444,442,99.5,0,0
Jefferson Lerma\Jefferson-Lerma,COL,MF,Bournemouth,24,1994,30,1700,126,505,980,285,18,1677,25,33,75.8,27,1,1012,4740,2005,1026,952,92.8,22,21
Jamal Lewis\Jamal-Lewis,NIR,DF,Norwich City,21,1998,25.6,1599,125,659,683,395,23,1352,37,62,59.7,39,2,961,7358,4286,1031,925,89.7,26,23
Victor Lindelöf\Victor-Lindelof,SWE,DF,Manchester Utd,25,1994,34.4,2308,344,1248,1132,70,11,2252,3,8,37.5,4,0,1466,8828,4914,1571,1556,99,7,4
Jesse Lingard\Jesse-Lingard,ENG,MFFW,Manchester Utd,26,1992,10.4,520,2,27,269,262,38,500,9,18,50,10,1,382,2256,1112,556,408,73.4,23,12
Hugo Lloris\Hugo-Lloris,FRA,GK,Tottenham,32,1986,20.1,622,590,622,0,0,0,435,0,1,0,0,0,241,1077,614,222,220,99.1,1,0
Giovani Lo Celso\Giovani-Lo-Celso,ARG,MFFW,Tottenham,23,1996,16.6,1233,29,191,704,448,28,1156,38,68,55.9,41,1,893,6823,3770,951,862,90.6,22,25
Jürgen Locadia\Jurgen-Locadia,NED,MFFW,Brighton,25,1993,1,34,0,2,16,17,8,34,1,1,100,1,0,25,105,59,43,22,51.2,8,2
Ruben Loftus-Cheek\Ruben-Loftus-Cheek,ENG,MFFW,Chelsea,23,1996,2.3,145,6,18,79,57,12,144,2,2,100,2,0,101,631,320,147,116,78.9,2,3
Kevin Long\Kevin-Long,IRL,DF,Burnley,28,1990,6.3,254,35,153,108,4,3,251,1,1,100,1,0,101,474,173,121,117,96.7,0,1
Shane Long\Shane-Long,IRL,FW,Southampton,32,1987,15.5,611,16,48,256,329,71,606,8,18,44.4,9,0,295,1548,721,885,456,51.5,62,27
Matthew Longstaff\Matthew-Longstaff,ENG,MF,Newcastle Utd,19,2000,6.4,274,9,67,167,48,5,270,5,7,71.4,5,0,169,598,228,206,192,93.2,4,8
Sean Longstaff\Sean-Longstaff,ENG,MF,Newcastle Utd,21,1997,15.3,850,39,222,490,172,9,806,9,14,64.3,10,1,479,2238,890,558,497,89.1,18,19
Dejan Lovren\Dejan-Lovren,CRO,DF,Liverpool,30,1989,8.6,730,75,354,407,22,13,715,1,1,100,1,0,436,2461,1420,489,486,99.4,2,1
Matthew Lowton\Matthew-Lowton,ENG,DF,Burnley,30,1989,17,928,80,269,476,237,10,769,11,18,61.1,11,0,430,2048,1198,471,436,92.6,11,5
David Luiz\David-Luiz,BRA,DF,Arsenal,32,1987,31.2,2050,392,1183,972,54,19,1946,4,9,44.4,4,0,1332,9431,5693,1454,1427,98.1,7,6
Douglas Luiz\Douglas-Luiz,BRA,MF,Aston Villa,21,1998,29,1521,109,439,910,300,36,1458,30,41,73.2,34,2,942,6294,3396,1038,926,89.2,24,28
John Lundstram\John-Lundstram,ENG,MF,Sheffield Utd,25,1994,27.3,1488,57,257,704,617,64,1466,17,34,50,20,4,972,5340,1931,1274,1059,83.1,36,21
Alexis Mac Allister\Alexis-Mac-Allister,ARG,MFFW,Brighton,20,1998,3.9,183,2,25,72,93,6,152,3,6,50,4,0,89,431,232,120,94,78.3,7,9
James Maddison\James-Maddison,ENG,MF,Leicester City,22,1996,29.2,2010,20,212,1038,877,84,1779,56,83,67.5,58,6,1455,7734,3579,1651,1439,87.2,46,47
Harry Maguire\Harry-Maguire,ENG,DF,Manchester Utd,26,1993,38,2828,428,1430,1472,167,57,2756,10,13,76.9,10,0,1833,14285,8408,1959,1915,97.8,7,10
Riyad Mahrez\Riyad-Mahrez,ALG,FW,Manchester City,28,1991,21.6,1476,24,122,602,876,149,1401,60,94,63.8,61,1,1154,7920,4574,1367,1154,84.4,33,38
Ainsley Maitland-Niles\Ainsley-Maitland-Niles,ENG,DF,Arsenal,21,1997,15.4,1179,74,450,569,230,18,1002,22,44,50,25,2,727,3895,2257,768,731,95.2,13,16
Sadio Mané\Sadio-Mane,SEN,FW,Liverpool,27,1992,30.5,1590,13,125,627,1002,221,1572,76,116,65.5,84,6,1248,9671,5435,1843,1275,69.2,85,72
Javier Manquillo\Javier-Manquillo,ESP,DF,Newcastle Utd,25,1994,17.8,815,77,319,324,212,14,685,13,20,65,14,0,406,2320,1351,458,401,87.6,15,8
Solly March\Solly-March,ENG,DFFW,Brighton,25,1994,12.7,759,22,139,317,363,47,675,18,30,60,19,1,518,3774,2173,585,484,82.7,12,28
Pablo Marí\Pablo-Mari,ESP,DF,Arsenal,25,1993,1.3,111,21,52,65,1,0,110,0,0,,0,0,70,503,335,82,81,98.8,0,0
Adrian Mariappa\Adrian-Mariappa,JAM,DF,Watford,32,1986,16.8,762,84,315,344,121,5,628,1,3,33.3,2,0,315,1046,433,346,330,95.4,5,3
Anthony Martial\Anthony-Martial,FRA,FW,Manchester Utd,23,1995,29.2,1074,18,51,400,694,188,1048,64,104,61.5,66,2,892,5737,3210,1399,897,64.1,66,68
David Martin\David-Martin,ENG,GK,West Ham,33,1986,4.8,134,117,134,0,0,0,72,0,0,,0,0,44,254,162,31,31,100,0,0
Josh Martin\Josh-Martin,ENG,FW,Norwich City,17,2001,0.4,20,0,3,12,5,1,20,1,1,100,1,0,16,123,21,20,15,75,1,1
Martinelli\Martinelli,BRA,FW,Arsenal,18,2001,7.4,275,10,62,111,131,40,273,12,30,40,13,0,190,1839,1243,311,181,58.2,24,21
Emiliano Martínez\Emiliano-Martinez,ARG,GK,Arsenal,26,1992,8.6,308,275,308,0,0,0,226,0,0,,0,0,148,589,303,135,135,100,0,0
Adam Masina\Adam-Masina,ITA,DF,Watford,25,1994,20.2,1186,102,392,567,269,21,973,11,18,61.1,11,0,535,2661,1350,568,523,92.1,11,13
Arthur Masuaku\Arthur-Masuaku,COD,DF,West Ham,25,1993,10.4,745,52,239,385,177,14,659,31,39,79.5,31,1,489,3263,2052,463,424,91.6,9,23
Juan Mata\Juan-Mata,ESP,MFFW,Manchester Utd,31,1988,8.4,589,3,36,319,267,33,560,5,12,41.7,7,0,459,2238,1121,605,489,80.8,10,12
Nemanja Matić\Nemanja-Matic,SRB,MF,Manchester Utd,30,1988,17.6,1416,55,390,903,246,9,1388,23,29,79.3,24,0,1002,6310,3689,1053,1014,96.3,10,24
Joël Matip\Joel-Matip,CMR,DF,Liverpool,27,1991,7.8,626,48,276,365,34,10,610,2,2,100,2,0,398,2513,1768,412,408,99,1,2
Neal Maupay\Neal-Maupay,FRA,FW,Brighton,22,1996,30.7,1063,16,79,445,597,190,999,34,70,48.6,36,1,774,5005,2541,1440,763,53,57,70
James McArthur\James-McArthur,SCO,MF,Crystal Palace,31,1987,34.3,1935,109,478,1038,519,104,1868,32,49,65.3,33,1,1249,6660,3185,1347,1178,87.5,42,44
Oliver McBurnie\Oliver-McBurnie,SCO,FW,Sheffield Utd,23,1996,23.5,933,50,114,403,462,114,917,25,44,56.8,26,1,436,2469,1228,1211,636,52.5,52,41
Alex McCarthy\Alex-McCarthy,ENG,GK,Southampton,29,1989,28,896,710,892,6,0,0,617,2,2,100,2,0,392,1923,1058,354,353,99.7,1,0
James McCarthy\James-McCarthy,IRL,MF,Crystal Palace,28,1990,18.7,1018,35,238,623,205,16,948,6,11,54.5,9,2,517,2434,894,606,539,88.9,11,15
John McGinn\John-McGinn,SCO,MF,Aston Villa,24,1994,25.7,1106,43,214,534,442,76,1043,53,69,76.8,55,0,770,5347,2802,826,684,82.8,37,57
David McGoldrick\David-McGoldrick,IRL,FW,Sheffield Utd,31,1987,20.2,895,25,95,417,425,66,881,31,47,66,34,2,566,3071,1269,1088,657,60.4,57,31
Michael McGovern\Michael-McGovern,NIR,GK,Norwich City,35,1984,1.8,57,51,57,0,0,0,38,0,0,,0,0,22,94,47,20,20,100,0,0
Kenny McLean\Kenny-McLean,SCO,MF,Norwich City,27,1992,33,2028,108,569,1138,460,27,1950,34,49,69.4,36,5,1309,7147,3555,1623,1403,86.4,40,38
Dwight McNeil\Dwight-McNeil,ENG,MF,Burnley,19,1999,37.1,1700,50,292,858,748,51,1575,79,134,59,83,6,1276,11289,5735,1236,1037,83.9,39,81
Scott McTominay\Scott-McTominay,SCO,MF,Manchester Utd,22,1996,19.7,1289,69,323,780,259,23,1268,31,47,66,35,5,910,5092,2440,915,850,92.9,24,32
Ben Mee\Ben-Mee,ENG,DF,Burnley,29,1989,32,1609,235,854,768,54,38,1553,6,7,85.7,6,1,774,3265,1331,815,785,96.3,6,3
Benjamin Mendy\Benjamin-Mendy,FRA,DF,Manchester City,25,1994,16.6,1419,33,237,710,552,11,1294,23,31,74.2,24,5,983,4367,2699,1123,1067,95,6,16
Nampalys Mendy\Nampalys-Mendy,FRA,MF,Leicester City,27,1992,3.2,246,5,51,170,35,1,245,2,3,66.7,2,0,191,838,338,193,187,96.9,3,4
Chris Mepham\Chris-Mepham,WAL,DF,Bournemouth,21,1997,10.1,626,127,384,259,24,11,618,2,4,50,3,0,369,2348,1229,383,375,97.9,3,4
Max Meyer\Max-Meyer,GER,MFFW,Crystal Palace,23,1995,7.3,300,3,57,152,118,24,299,4,12,33.3,4,0,218,1268,612,279,212,76,12,13
Luka Milivojević\Luka-Milivojevic,SRB,MF,Crystal Palace,28,1991,27.9,1784,96,504,1003,358,10,1529,11,17,64.7,12,1,963,4508,1964,1023,970,94.8,19,11
James Milner\James-Milner,ENG,MFDF,Liverpool,33,1986,10.4,875,29,163,509,244,12,811,9,13,69.2,10,0,562,2514,1190,673,635,94.4,3,7
Yerry Mina\Yerry-Mina,COL,DF,Everton,24,1994,25.4,1573,274,941,667,72,51,1540,3,5,60,4,0,924,6148,3396,1001,969,96.8,9,3
Takumi Minamino\Takumi-Minamino,JPN,FWMF,Liverpool,24,1995,2.8,156,3,11,76,83,20,155,4,8,50,4,0,123,617,252,169,130,76.9,9,9
Tyrone Mings\Tyrone-Mings,ENG,DF,Aston Villa,26,1993,32.2,1694,385,1114,632,54,24,1645,11,14,78.6,13,0,956,6820,2771,997,973,97.6,7,8
Tyrick Mitchell\Tyrick-Mitchell,ENG,DF,Crystal Palace,19,1999,2.2,142,6,42,70,38,2,114,1,1,100,1,0,77,364,230,86,80,93,1,5
Henrikh Mkhitaryan\Henrikh-Mkhitaryan,ARM,FW,Arsenal,30,1989,1.2,98,1,9,42,59,18,94,2,5,40,2,0,77,423,250,89,74,83.1,3,4
Nacho Monreal\Nacho-Monreal,ESP,DF,Arsenal,33,1986,3,231,18,90,93,59,7,205,1,3,33.3,1,0,163,618,355,177,160,90.4,3,1
Martín Montoya\Martin-Montoya,ESP,DF,Brighton,28,1991,21.1,1485,68,442,665,480,41,1252,19,34,55.9,19,4,902,4907,2989,1012,912,90.1,30,19
Simon Moore\Simon-Moore,ENG,GK,Sheffield Utd,29,1990,2,51,44,50,1,0,0,28,0,0,,0,0,15,108,59,11,11,100,0,0
Aaron Mooy\Aaron-Mooy,AUS,MFFW,Brighton,28,1990,23.2,1359,40,203,623,640,42,1279,37,51,72.5,39,0,968,6450,3152,1104,927,84,30,54
Wesley Moraes\Wesley-Moraes,BRA,FW,Aston Villa,22,1996,19.8,600,28,45,289,294,97,583,14,22,63.6,14,1,353,1723,565,874,437,50,61,30
Wes Morgan\Wes-Morgan,JAM,DF,Leicester City,35,1984,4.8,288,22,137,152,8,4,284,2,2,100,2,0,189,867,326,197,194,98.5,3,0
Ravel Morrison\Ravel-Morrison,ENG,MF,Sheffield Utd,26,1993,0.1,8,0,0,4,4,1,8,0,0,,0,0,7,53,15,8,6,75,0,1
Mason Mount\Mason-Mount,ENG,MFFW,Chelsea,20,1999,31.9,1757,25,164,822,895,150,1609,47,77,61,49,3,1327,7853,4318,1699,1265,74.5,75,66
Lucas Moura\Lucas-Moura,BRA,FWMF,Tottenham,26,1992,24.9,1190,31,146,606,548,86,1177,71,114,62.3,75,3,889,6418,3822,1201,830,69.1,57,69
Lys Mousset\Lys-Mousset,FRA,FW,Sheffield Utd,23,1996,13.8,431,2,22,192,249,80,423,34,53,64.2,37,4,337,2210,1206,739,310,41.9,46,40
João Moutinho\Joao-Moutinho,POR,MF,Wolves,32,1986,34.5,2294,48,421,1270,698,11,1973,21,29,72.4,23,0,1366,6150,3317,1512,1374,90.9,15,20
Glenn Murray\Glenn-Murray,ENG,FW,Brighton,35,1983,8.9,273,11,24,120,138,42,267,1,5,20,1,0,162,504,197,435,206,47.4,25,14
Shkodran Mustafi\Shkodran-Mustafi,GER,DF,Arsenal,27,1992,13.4,954,124,472,513,31,14,939,2,2,100,2,0,589,3454,2115,671,659,98.2,1,2
Yoshinori Mutō\Yoshinori-Muto,JPN,FWMF,Newcastle Utd,27,1992,2.4,51,0,7,27,24,3,50,6,7,85.7,6,0,45,347,190,80,35,43.8,6,6
Georges-Kévin N'Koudou\Georges-Kevin-NKoudou,FRA,FW,Tottenham,24,1995,0,1,0,0,0,1,1,1,0,0,,0,0,1,25,25,3,1,33.3,0,0
Marvelous Nakamba\Marvelous-Nakamba,ZIM,MF,Aston Villa,25,1994,20.4,1013,91,348,553,162,4,991,14,20,70,16,1,593,2960,1086,572,543,94.9,6,14
Wilfred Ndidi\Wilfred-Ndidi,NGA,MF,Leicester City,22,1996,29.7,2049,103,571,1276,302,21,2032,24,30,80,25,3,1223,5449,2099,1303,1233,94.6,18,26
Tanguy Ndombele\Tanguy-Ndombele,FRA,MF,Tottenham,22,1996,11.2,772,20,140,457,223,27,758,36,50,72,38,2,614,3156,1847,611,563,92.1,15,16
Reiss Nelson\Reiss-Nelson,ENG,FW,Arsenal,19,1999,7,328,6,49,152,158,34,310,16,29,55.2,17,0,249,1756,1033,320,235,73.4,14,14
Pedro Neto\Pedro-Neto,POR,FWMF,Wolves,19,2000,10.4,538,6,56,264,280,44,511,32,58,55.2,38,2,421,3857,2356,558,385,69,22,25
Rúben Neves\Ruben-Neves,POR,MF,Wolves,22,1997,34,2285,79,532,1449,395,4,2221,25,32,78.1,27,0,1495,5793,2766,1569,1500,95.6,11,11
Jeremy Ngakia\Jeremy-Ngakia,ENG,DF,West Ham,18,2000,4.9,220,20,103,90,44,1,177,8,12,66.7,8,0,113,802,540,101,88,87.1,4,4
Oumar Niasse\Oumar-Niasse,SEN,FW,Everton,29,1990,0.2,18,0,1,9,8,1,18,1,1,100,1,0,10,57,29,17,11,64.7,1,6
Eddie Nketiah\Eddie-Nketiah,ENG,FW,Arsenal,20,1999,7,234,8,29,128,93,30,223,10,16,62.5,11,1,174,1064,454,266,166,62.4,26,18
Mark Noble\Mark-Noble,ENG,MF,West Ham,32,1987,29.7,1735,37,309,1098,418,30,1626,29,41,70.7,32,0,1169,5691,2492,1324,1175,88.7,31,30
Oliver Norwood\Oliver-Norwood,NIR,MF,Sheffield Utd,28,1991,34.3,2410,90,529,1388,567,3,2194,15,17,88.2,15,0,1368,4256,1838,1530,1479,96.7,10,14
Ørjan Nyland\Orjan-Nyland,NOR,GK,Aston Villa,28,1990,6,194,168,189,5,0,0,123,0,0,,0,0,85,612,360,75,74,98.7,0,0
Jack O'Connell\Jack-OConnell,ENG,DF,Sheffield Utd,25,1994,32.4,1964,185,833,918,298,51,1880,8,13,61.5,8,0,1130,4536,2120,1182,1121,94.8,13,11
Michael Obafemi\Michael-Obafemi,IRL,FW,Southampton,19,2000,7.4,238,0,14,114,123,37,236,18,31,58.1,20,0,188,1059,531,329,182,55.3,29,18
Angelo Ogbonna\Angelo-Ogbonna,ITA,DF,West Ham,31,1988,31,1278,244,706,582,51,29,1259,2,3,66.7,2,0,634,4169,1604,646,620,96,6,2
Divock Origi\Divock-Origi,BEL,FW,Liverpool,24,1995,8,342,6,26,142,202,45,340,11,26,42.3,13,1,255,1863,1166,387,256,66.1,21,24
Ben Osborn\Ben-Osborn,ENG,MFDF,Sheffield Utd,24,1994,6.6,323,18,69,131,145,16,309,3,6,50,3,0,178,1018,449,239,199,83.3,8,4
Nicolás Otamendi\Nicolas-Otamendi,ARG,DF,Manchester City,31,1988,19.1,1660,195,709,1038,46,30,1647,3,3,100,3,0,1214,7719,4403,1352,1331,98.4,7,2
Alex Oxlade-Chamberlain\Alex-Oxlade-Chamberlain,ENG,MFFW,Liverpool,25,1993,16.5,966,13,86,525,435,47,952,35,55,63.6,36,0,703,4414,2241,885,731,82.6,33,37
Mesut Özil\Mesut-Ozil,GER,MF,Arsenal,30,1988,16,1016,9,120,529,461,46,931,21,31,67.7,23,3,781,4714,2368,960,799,83.2,27,29
Emerson Palmieri\Emerson-Palmieri,ITA,DF,Chelsea,24,1994,11.4,990,34,248,468,345,33,859,14,22,63.6,16,0,648,3468,2234,689,644,93.5,11,9
Sokratis Papastathopoulos\Sokratis-Papastathopoulos,GRE,DF,Arsenal,31,1988,18.8,1166,206,707,481,39,13,1126,5,6,83.3,5,0,794,3839,2028,858,839,97.8,4,6
Troy Parrott\Troy-Parrott,IRL,MF,Tottenham,17,2002,0.1,5,0,2,3,0,0,4,0,0,,0,0,4,16,1,8,4,50,0,0
Rui Patrício\Rui-Patricio,POR,GK,Wolves,31,1988,38,903,840,901,3,0,0,547,0,0,,0,0,339,1685,967,238,235,98.7,0,0
Pedro\Pedro,ESP,FW,Chelsea,32,1987,7.3,424,5,52,212,194,44,422,16,27,59.3,17,1,343,2326,1063,395,321,81.3,12,7
João Pedro\Joao-Pedro,BRA,FWMF,Watford,17,2001,0.3,18,0,3,7,10,3,18,3,3,100,3,0,14,192,106,20,14,70,0,1
Nicolas Pépé\Nicolas-Pepe,CIV,FW,Arsenal,24,1995,22.3,1126,10,141,466,630,111,1043,72,132,54.5,77,7,940,7289,4652,1103,825,74.8,56,64
Andreas Pereira\Andreas-Pereira,BRA,MFFW,Manchester Utd,23,1996,16.5,990,12,102,501,458,62,911,20,38,52.6,23,0,717,4382,2364,879,715,81.3,41,41
Ricardo Pereira\Ricardo-Pereira,POR,DF,Leicester City,25,1993,28,2330,107,595,1151,747,62,2018,59,88,67,63,1,1463,8459,5867,1560,1438,92.2,32,55
Roberto Pereyra\Roberto-Pereyra,ARG,FWMF,Watford,28,1991,18.3,898,16,139,441,396,57,855,25,61,41,28,0,670,4700,2712,876,621,70.9,48,36
Ayoze Pérez\Ayoze-Perez,ESP,MFFW,Leicester City,26,1993,22.3,1107,15,143,494,537,115,1087,44,68,64.7,47,1,796,4259,2333,1122,804,71.7,48,79
Jordan Pickford\Jordan-Pickford,ENG,GK,Everton,25,1994,38,1456,1265,1438,19,0,0,1042,0,1,0,0,0,723,3890,2089,636,634,99.7,0,0
Erik Pieters\Erik-Pieters,NED,DFMF,Burnley,30,1988,20.9,1211,79,320,629,322,21,1028,4,13,30.8,6,2,590,2936,1649,643,590,91.8,15,14
Daniel Podence\Daniel-Podence,POR,FWMF,Wolves,23,1995,3.2,153,2,15,69,84,16,150,9,13,69.2,10,0,113,910,570,159,117,73.6,3,8
Paul Pogba\Paul-Pogba,FRA,MF,Manchester Utd,26,1993,13.4,1178,34,210,753,289,29,1151,22,35,62.9,25,1,896,4007,2096,952,908,95.4,13,26
Nick Pope\Nick-Pope,ENG,GK,Burnley,27,1992,38,1284,1067,1252,30,2,1,829,0,0,,0,0,540,3471,2360,379,378,99.7,0,0
Dennis Praet\Dennis-Praet,BEL,MF,Leicester City,25,1994,12.6,695,26,160,362,217,22,689,16,32,50,18,0,461,2412,1275,537,455,84.7,29,13
Sebastian Prödl\Sebastian-Prodl,AUT,DF,Watford,32,1987,0.6,16,3,8,6,2,2,16,0,0,,0,0,5,6,0,7,7,100,0,0
Davy Pröpper\Davy-Propper,NED,MF,Brighton,27,1991,31.4,2097,73,534,1266,456,29,2076,40,65,61.5,41,2,1517,9197,4258,1601,1498,93.6,32,35
Teemu Pukki\Teemu-Pukki,FIN,FW,Norwich City,29,1990,32.1,794,14,70,315,453,177,725,27,46,58.7,28,6,507,3530,2018,1143,531,46.5,50,37
Christian Pulisic\Christian-Pulisic,USA,FW,Chelsea,20,1998,19.1,1027,6,100,462,568,142,1020,50,101,49.5,56,2,848,6790,4411,1122,836,74.5,49,65
Ignacio Pussetto\Ignacio-Pussetto,ARG,FWDF,Watford,23,1995,0.8,58,3,22,25,13,1,54,1,5,20,2,0,27,169,70,29,22,75.9,2,5
Domingos Quina\Domingos-Quina,POR,MF,Watford,19,1999,0.2,19,0,6,10,4,0,19,1,2,50,1,0,14,96,52,18,11,61.1,1,2
Aaron Ramsdale\Aaron-Ramsdale,ENG,GK,Bournemouth,21,1998,37,1245,1120,1231,15,0,0,826,0,0,,0,0,544,3108,1779,410,406,99,0,0
Darren Randolph\Darren-Randolph,IRL,GK,West Ham,32,1987,2,47,42,47,0,0,0,29,0,0,,0,0,16,128,100,11,11,100,0,0
Marcus Rashford\Marcus-Rashford,ENG,FW,Manchester Utd,21,1997,29.4,1378,20,91,558,854,164,1332,72,132,54.5,77,13,1019,7483,5231,1557,1103,70.8,71,48
Nathan Redmond\Nathan-Redmond,ENG,MFFW,Southampton,25,1994,30.7,1443,29,186,669,728,123,1424,90,146,61.6,98,5,1159,9694,5840,1430,1011,70.7,56,58
Pepe Reina\Pepe-Reina,ESP,GK,Aston Villa,36,1982,12,427,373,422,6,0,0,288,0,0,,0,0,175,1005,557,176,175,99.4,1,0
Declan Rice\Declan-Rice,ENG,MF,West Ham,20,1999,38,2084,111,631,1306,305,29,2052,41,53,77.4,43,0,1366,9214,3924,1351,1267,93.8,19,28
Richarlison\Richarlison,BRA,FW,Everton,22,1997,34.1,1374,53,178,582,730,181,1352,66,106,62.3,70,2,996,7818,4541,1508,939,62.3,90,100
Diego Rico\Diego-Rico,ESP,DF,Bournemouth,26,1993,25.9,1825,97,636,772,489,13,1452,19,40,47.5,23,5,863,4030,2190,893,838,93.8,13,21
Jaïro Riedewald\Jairo-Riedewald,NED,DFMF,Crystal Palace,22,1996,8.5,482,35,148,257,101,8,408,11,15,73.3,11,1,263,1070,577,280,253,90.4,8,8
Matt Ritchie\Matt-Ritchie,SCO,DFMF,Newcastle Utd,29,1989,14.6,850,46,226,348,319,14,697,11,16,68.8,12,0,472,2829,1380,555,461,83.1,7,11
Roberto\Roberto,ESP,GK,West Ham,33,1986,7.6,265,235,262,4,0,0,188,0,0,,0,0,106,587,368,85,84,98.8,0,0
Patrick Roberts\Patrick-Roberts,ENG,MFFW,Norwich City,22,1997,0.3,13,0,2,9,3,0,12,3,3,100,3,0,14,110,76,12,11,91.7,0,0
Andrew Robertson\Andrew-Robertson,SCO,DF,Liverpool,25,1994,34.6,3265,100,684,1615,1221,95,2879,24,48,50,30,0,2164,11411,7066,2438,2276,93.4,39,20
Callum Robinson\Callum-Robinson,IRL,FW,Sheffield Utd,24,1995,7.5,230,0,23,97,124,31,221,7,15,46.7,9,0,176,1048,519,366,165,45.1,14,17
Jack Robinson\Jack-Robinson,ENG,DF,Sheffield Utd,25,1993,5.6,332,32,140,175,35,0,307,2,2,100,2,0,186,941,500,184,179,97.3,5,2
Rodri\Rodri,ESP,MF,Manchester City,23,1996,27.6,2777,87,566,1900,490,30,2754,25,31,80.6,26,0,2069,9558,5203,2266,2191,96.7,10,21
Jay Rodriguez\Jay-Rodriguez,ENG,FW,Burnley,30,1989,22.4,805,19,74,357,410,92,790,19,42,45.2,22,1,458,2694,1183,1093,561,51.3,64,41
Jack Rodwell\Jack-Rodwell,ENG,MF,Sheffield Utd,28,1991,0.2,3,1,3,0,0,0,3,0,0,,0,0,1,7,7,1,1,100,0,0
Marcos Rojo\Marcos-Rojo,ARG,DF,Manchester Utd,29,1990,1.4,70,9,24,35,12,3,60,0,1,0,0,0,39,201,87,41,40,97.6,1,0
Oriol Romeu\Oriol-Romeu,ESP,MF,Southampton,27,1991,20.7,1261,64,286,821,210,5,1242,13,16,81.3,13,0,735,3165,1629,768,728,94.8,9,8
Danny Rose\Danny-Rose,ENG,DF,Newcastle Utd,29,1990,9.6,505,25,182,274,81,4,449,3,6,50,3,0,293,1365,743,312,290,92.9,2,4
Danny Rose\Danny-Rose,ENG,DF,Tottenham,29,1990,9.9,682,47,194,340,201,14,594,11,22,50,14,1,443,2481,1435,428,415,97,5,7
Antonio Rüdiger\Antonio-Rudiger,GER,DF,Chelsea,26,1993,19,1642,194,811,905,67,14,1611,0,0,,0,0,1137,6642,3843,1201,1193,99.3,2,5
Lukas Rupp\Lukas-Rupp,GER,FWMF,Norwich City,28,1991,7.7,342,19,95,176,91,15,335,9,15,60,9,0,231,1128,408,281,216,76.9,13,13
Mathew Ryan\Mathew-Ryan,AUS,GK,Brighton,27,1992,38,1547,1300,1542,6,1,1,1221,0,0,,0,0,896,3951,1855,845,841,99.5,1,0
Allan Saint-Maximin\Allan-Saint-Maximin,FRA,MFFW,Newcastle Utd,22,1997,20.7,795,9,136,333,433,80,787,102,151,67.5,106,3,768,7822,5395,773,584,75.5,53,61
Romain Saïss\Romain-Saiss,MAR,DF,Wolves,29,1990,30.1,1932,175,925,1009,89,26,1892,7,9,77.8,8,1,1058,4696,2514,1201,1165,97,6,8
Bukayo Saka\Bukayo-Saka,ENG,DFFW,Arsenal,17,2001,19.5,1069,40,271,470,405,61,948,31,48,64.6,31,2,726,4770,3010,835,696,83.4,32,37
Mamadou Sakho\Mamadou-Sakho,FRA,DF,Crystal Palace,29,1990,10.3,608,93,354,284,11,3,591,5,6,83.3,5,0,368,1734,867,388,378,97.4,3,2
Mohamed Salah\Mohamed-Salah,EGY,FW,Liverpool,27,1992,32,1405,4,57,406,1022,318,1349,66,99,66.7,70,3,1069,6402,3895,1815,1109,61.1,85,79
Mbwana Samatta\Mbwana-Samatta,TAN,FW,Aston Villa,26,1992,10.5,277,6,15,124,148,29,269,9,15,60,9,0,161,916,269,430,203,47.2,26,11
Carlos Sánchez\Carlos-Sanchez,COL,MFDF,West Ham,33,1986,1.3,66,3,11,49,8,0,66,1,1,100,1,0,30,100,29,37,33,89.2,0,1
Davinson Sánchez\Davinson-Sanchez,COL,DF,Tottenham,23,1996,27,1791,284,984,848,50,17,1754,8,11,72.7,8,0,1178,5694,2571,1210,1199,99.1,6,5
Leroy Sané\Leroy-Sane,GER,FW,Manchester City,23,1996,0.1,9,0,0,3,7,1,8,0,0,,0,0,7,54,23,9,8,88.9,0,0
Ismaila Sarr\Ismaila-Sarr,SEN,FWMF,Watford,21,1998,22.5,931,14,115,359,560,114,922,52,101,51.5,55,1,777,6444,4111,1052,692,65.8,65,59
Fabian Schär\Fabian-Schar,SUI,DFMF,Newcastle Utd,27,1991,18.6,1016,129,572,426,86,15,953,16,19,84.2,16,1,569,3708,2391,564,540,95.7,6,12
Ezequiel Schelotto\Ezequiel-Schelotto,ITA,DF,Brighton,30,1989,4,232,13,79,82,90,10,192,6,9,66.7,6,1,127,1042,584,153,123,80.4,11,5
Jeffrey Schlupp\Jeffrey-Schlupp,GHA,MFDF,Crystal Palace,26,1992,11.5,496,16,116,235,176,33,476,13,23,56.5,14,1,318,1874,1134,402,321,79.9,21,31
Kasper Schmeichel\Kasper-Schmeichel,DEN,GK,Leicester City,32,1986,38,1245,1080,1228,21,0,0,889,0,1,0,0,0,614,2865,1523,560,557,99.5,0,0
Morgan Schneiderlin\Morgan-Schneiderlin,FRA,MF,Everton,29,1989,11.1,681,26,161,449,102,7,665,3,3,100,3,0,394,1752,751,459,428,93.2,4,7
Ryan Sessegnon\Ryan-Sessegnon,ENG,DF,Tottenham,19,2000,3.8,238,8,53,107,89,9,211,2,3,66.7,2,0,151,704,448,168,150,89.3,8,3
Xherdan Shaqiri\Xherdan-Shaqiri,SUI,FW,Liverpool,27,1991,2.1,129,1,18,65,50,3,116,2,4,50,2,0,90,363,132,119,96,80.7,3,5
Billy Sharp\Billy-Sharp,ENG,FW,Sheffield Utd,33,1986,11.7,334,1,29,122,210,70,328,13,20,65,13,1,255,1572,721,523,254,48.6,24,30
Luke Shaw\Luke-Shaw,ENG,DF,Manchester Utd,24,1995,19.3,1484,77,419,719,469,34,1329,24,33,72.7,25,1,961,5488,3280,1016,956,94.1,11,5
Jonjo Shelvey\Jonjo-Shelvey,ENG,MF,Newcastle Utd,27,1992,23.5,1293,58,371,700,290,22,1162,20,26,76.9,21,0,779,3990,1895,874,792,90.6,13,13
Djibril Sidibé\Djibril-Sidibe,FRA,DF,Everton,27,1992,20.3,1420,59,417,697,407,19,1226,14,26,53.8,16,4,825,4617,2578,884,791,89.5,24,21
Gylfi Sigurðsson\Gylfi-Sigurdsson,ISL,MF,Everton,29,1989,28.4,1410,37,226,721,509,55,1273,23,38,60.5,26,2,858,3675,1447,1006,846,84.1,33,34
Bernardo Silva\Bernardo-Silva,POR,FWMF,Manchester City,24,1994,22.6,1686,21,194,753,864,161,1633,43,64,67.2,45,0,1285,8101,4725,1515,1325,87.5,15,22
David Silva\David-Silva,ESP,MF,Manchester City,33,1986,20.3,1702,19,140,823,856,181,1645,34,50,68,35,0,1261,6626,3601,1613,1404,87,29,19
Jack Simpson\Jack-Simpson,ENG,DF,Bournemouth,22,1997,2.7,129,19,65,61,5,1,115,2,3,66.7,2,0,76,342,98,69,64,92.8,2,0
Moussa Sissoko\Moussa-Sissoko,FRA,MF,Tottenham,29,1989,27.2,1537,77,388,864,394,32,1476,41,67,61.2,46,4,1035,6809,3739,1123,997,88.8,21,31
Oliver Skipp\Oliver-Skipp,ENG,MFDF,Tottenham,18,2000,0.9,46,1,16,30,2,0,46,2,2,100,2,0,30,132,68,27,26,96.3,1,1
William Smallbone\William-Smallbone,IRL,MF,Southampton,19,2000,4.4,251,4,45,135,81,6,244,2,4,50,2,0,159,648,283,193,175,90.7,2,3
Adam Smith\Adam-Smith,ENG,DF,Bournemouth,28,1991,22.8,1326,70,414,657,368,25,1128,26,52,50,30,4,786,5939,3478,798,738,92.5,23,21
Emile Smith-Rowe\Emile-Smith-Rowe,ENG,MF,Arsenal,19,2000,1.1,50,3,12,30,16,0,50,1,1,100,1,0,36,281,180,47,39,83,5,2
Robert Snodgrass\Robert-Snodgrass,SCO,MFFW,West Ham,31,1987,16.8,805,16,140,310,397,60,707,15,27,55.6,16,1,511,3373,1687,664,501,75.5,12,35
Cédric Soares\Cedric-Soares,POR,DF,Southampton,27,1991,14.5,910,55,268,426,260,17,715,3,7,42.9,3,0,397,2317,1148,463,416,89.8,13,9
Cédric Soares\Cedric-Soares,POR,DF,Arsenal,27,1991,2.8,161,5,40,68,59,2,141,2,2,100,2,0,90,484,254,102,94,92.2,3,2
Dominic Solanke\Dominic-Solanke,ENG,FWMF,Bournemouth,21,1997,18.3,695,20,86,323,334,83,670,30,57,52.6,31,0,479,3383,1841,818,471,57.6,58,55
Tomáš Souček\Tomas-Soucek,CZE,MF,West Ham,24,1995,11.6,530,50,155,271,118,34,525,1,6,16.7,2,1,238,838,318,377,291,77.2,8,2
Çağlar Söyüncü\Caglar-Soyuncu,TUR,DF,Leicester City,23,1996,33.7,2630,296,1371,1330,83,33,2580,18,22,81.8,19,0,1753,10456,4677,1852,1829,98.8,8,8
Dennis Srbeny\Dennis-Srbeny,GER,MFFW,Norwich City,25,1994,0.5,38,1,5,19,15,3,38,1,4,25,1,1,26,94,44,44,27,61.4,2,3
Jack Stacey\Jack-Stacey,ENG,DF,Bournemouth,23,1996,17.2,961,89,360,432,236,26,809,16,26,61.5,19,0,512,3391,1934,550,478,86.9,16,13
Junior Stanislas\Junior-Stanislas,ENG,MFDF,Bournemouth,29,1989,7.9,387,10,68,148,196,18,348,13,21,61.9,14,2,271,1781,978,309,255,82.5,10,9
Jed Steer\Jed-Steer,ENG,GK,Aston Villa,26,1992,0.1,2,2,2,0,0,0,1,0,0,,0,0,1,0,0,1,1,100,0,0
Dale Stephens\Dale-Stephens,ENG,MF,Brighton,30,1989,28.1,1901,93,575,1140,291,9,1884,10,11,90.9,10,0,1281,6014,2256,1388,1319,95,11,16
Jack Stephens\Jack-Stephens,ENG,DF,Southampton,25,1994,27.2,1545,211,824,785,44,16,1498,8,12,66.7,8,1,811,4999,2799,862,840,97.4,8,7
Raheem Sterling\Raheem-Sterling,ENG,FW,Manchester City,24,1994,29.5,1635,12,92,572,1086,297,1615,59,128,46.1,67,3,1328,8796,5843,1688,1343,79.6,51,71
Enda Stevens\Enda-Stevens,IRL,DF,Sheffield Utd,29,1990,37.2,2300,93,522,983,927,82,1980,61,86,70.9,63,6,1445,8133,4616,1477,1351,91.5,39,56
Marco Stiepermann\Marco-Stiepermann,GER,MF,Norwich City,28,1991,13.1,554,26,90,292,212,41,534,20,34,58.8,22,3,392,2459,1439,574,404,70.4,23,21
John Stones\John-Stones,ENG,DF,Manchester City,25,1994,12.5,1100,110,439,705,57,11,1086,3,4,75,4,0,766,5534,3318,866,852,98.4,2,0
Isaac Success\Isaac-Success,NGA,FWMF,Watford,23,1996,0.8,33,0,2,11,24,3,33,1,4,25,2,0,28,168,95,55,27,49.1,3,2
Ki Sung-yueng\Ki-Sung-yueng,KOR,MF,Newcastle Utd,30,1989,1.5,79,3,24,37,25,1,74,3,3,100,3,0,56,278,135,53,51,96.2,1,1
Andrew Surman\Andrew-Surman,ENG,MF,Bournemouth,32,1986,2.6,148,9,57,73,22,0,139,1,1,100,1,0,73,325,94,83,79,95.2,3,1
Sam Surridge\Sam-Surridge,ENG,FW,Bournemouth,21,1998,0.3,20,0,2,5,13,5,20,1,2,50,1,0,11,72,46,36,17,47.2,4,1
Japhet Tanganga\Japhet-Tanganga,ENG,DF,Tottenham,20,1999,5.8,320,32,137,162,38,2,286,7,10,70,7,0,166,855,455,171,156,91.2,5,8
Matt Targett\Matt-Targett,ENG,DF,Aston Villa,23,1995,25.5,1501,124,512,648,418,33,1264,10,23,43.5,14,1,758,3296,1854,833,771,92.6,6,20
James Tarkowski\James-Tarkowski,ENG,DF,Burnley,26,1992,38,1813,313,959,797,111,72,1785,15,16,93.8,16,0,731,3509,1426,832,792,95.2,14,5
Charlie Taylor\Charlie-Taylor,ENG,DF,Burnley,25,1993,21.6,1321,110,437,595,375,10,1048,19,39,48.7,22,3,613,5186,2515,657,614,93.5,12,17
Neil Taylor\Neil-Taylor,WAL,DF,Aston Villa,30,1989,12.1,631,64,230,296,124,5,532,2,3,66.7,2,0,303,1126,574,363,322,88.7,4,2
Nathan Tella\Nathan-Tella,ENG,FW,Southampton,20,1999,0,3,0,0,1,2,1,3,0,0,,0,0,2,6,4,3,2,66.7,0,0
Alexander Tettey\Alexander-Tettey,NOR,MFDF,Norwich City,33,1986,26,1494,127,564,839,177,12,1482,16,24,66.7,19,0,951,4914,2235,983,948,96.4,22,12
Max Thompson\Max-Thompson,ENG,FW,Burnley,17,2002,0,0,0,0,0,0,0,0,0,0,,0,0,0,0,0,1,0,0,0,0
Youri Tielemans\Youri-Tielemans,BEL,MF,Leicester City,22,1997,31.4,2141,31,327,1166,762,59,2049,30,45,66.7,31,2,1461,6179,3375,1773,1586,89.5,33,51
Kieran Tierney\Kieran-Tierney,SCO,DF,Arsenal,22,1997,11,664,41,218,280,197,17,579,12,16,75,12,1,381,2162,1125,422,385,91.2,12,6
James Tomkins\James-Tomkins,ENG,DF,Crystal Palace,30,1989,17.6,857,156,563,294,34,21,829,1,1,100,1,0,399,1793,891,456,442,96.9,1,3
Fikayo Tomori\Fikayo-Tomori,ENG,DF,Chelsea,21,1997,14.3,1277,148,699,605,50,8,1261,7,11,63.6,9,0,936,4464,2162,959,944,98.4,4,5
Lucas Torreira\Lucas-Torreira,URU,MF,Arsenal,23,1996,16.8,1091,58,306,663,187,31,1061,13,16,81.3,13,1,727,3409,1553,767,709,92.4,11,16
Cenk Tosun\Cenk-Tosun,TUR,FW,Crystal Palace,28,1991,2,69,1,10,34,28,10,69,7,8,87.5,7,0,56,343,178,124,54,43.5,5,4
Cenk Tosun\Cenk-Tosun,TUR,FW,Everton,28,1991,3.2,96,1,6,29,65,25,95,1,5,20,1,0,53,268,81,133,73,54.9,3,2
Andros Townsend\Andros-Townsend,ENG,MF,Crystal Palace,28,1991,14.4,647,15,117,314,302,29,618,36,51,70.6,38,1,515,4602,2293,547,419,76.6,28,36
Adama Traoré\Adama-Traore,ESP,FWMF,Wolves,23,1996,28.9,1400,28,151,666,767,118,1346,156,211,73.9,161,3,1252,13212,8670,1394,1045,75,82,90
Mark Travers\Mark-Travers,IRL,GK,Bournemouth,20,1999,1,33,33,33,0,0,0,24,0,0,,0,0,14,62,30,17,17,100,0,0
Trézéguet\Trezeguet,EGY,FWMF,Aston Villa,24,1994,21.7,775,25,138,293,418,84,752,40,75,53.3,45,7,537,4416,2744,855,518,60.6,64,29
Leandro Trossard\Leandro-Trossard,BEL,FWMF,Brighton,24,1994,22.3,1039,21,131,419,573,117,1000,34,60,56.7,36,1,818,5551,2809,1030,768,74.6,41,47
Tom Trybull\Tom-Trybull,GER,MF,Norwich City,26,1993,12.6,756,59,253,459,86,13,742,7,9,77.8,7,0,497,2281,851,513,475,92.6,11,10
Axel Tuanzebe\Axel-Tuanzebe,ENG,DF,Manchester Utd,21,1997,2.1,166,8,59,95,26,0,154,0,3,0,0,0,111,774,408,113,109,96.5,1,2
Yan Valery\Yan-Valery,FRA,DF,Southampton,20,1999,8.7,455,28,139,189,151,10,361,12,25,48,13,0,207,1566,805,243,180,74.1,13,19
Jesús Vallejo\Jesus-Vallejo,ESP,DF,Wolves,22,1997,1.8,124,20,61,64,6,1,124,1,1,100,1,0,85,322,170,90,83,92.2,1,1
Jamie Vardy\Jamie-Vardy,ENG,FW,Leicester City,32,1987,33.7,734,28,37,305,423,187,671,25,44,56.8,28,1,402,3224,2002,1222,503,41.2,60,23
Indiana Vassilev\Indiana-Vassilev,USA,FWMF,Aston Villa,18,2001,0.6,16,0,0,3,14,3,15,1,2,50,2,0,15,79,20,31,10,32.3,1,1
Jan Vertonghen\Jan-Vertonghen,BEL,DF,Tottenham,32,1987,18.3,1327,165,620,689,84,6,1227,2,5,40,2,0,785,4062,2044,833,819,98.3,4,6
Jannik Vestergaard\Jannik-Vestergaard,DEN,DF,Southampton,26,1992,16.6,1040,119,489,563,48,15,995,3,5,60,3,0,534,2834,1556,580,568,97.9,3,4
Rúben Vinagre\Ruben-Vinagre,POR,DF,Wolves,20,1999,7.2,470,16,138,216,147,16,399,18,41,43.9,21,2,316,2330,1596,306,260,85,10,20
Jake Vokins\Jake-Vokins,ENG,DF,Southampton,19,2000,1,82,1,11,44,33,5,70,0,0,,0,0,56,310,150,63,58,92.1,1,2
Mario Vrančić\Mario-Vrancic,BIH,MF,Norwich City,30,1989,7.1,526,12,125,308,121,12,514,3,5,60,3,1,332,1890,1156,394,362,91.9,4,11
Matěj Vydra\Matej-Vydra,CZE,FW,Burnley,27,1992,9.1,238,10,19,93,138,36,235,7,17,41.2,9,1,116,753,464,412,164,39.8,21,9
Theo Walcott\Theo-Walcott,ENG,MFFW,Everton,30,1989,14.3,575,8,76,220,312,77,564,21,36,58.3,24,2,416,2416,1443,566,397,70.1,28,29
Kyle Walker\Kyle-Walker,ENG,DF,Manchester City,29,1990,26.6,2337,65,468,1453,601,36,2117,25,32,78.1,27,2,1620,10026,5605,1769,1692,95.6,14,18
Kyle Walker-Peters\Kyle-Walker-Peters,ENG,DF,Tottenham,22,1997,2.7,244,12,67,117,75,6,219,3,4,75,3,0,188,964,599,177,171,96.6,0,4
Kyle Walker-Peters\Kyle-Walker-Peters,ENG,DF,Southampton,22,1997,7.8,536,33,159,286,142,14,441,20,23,87,20,1,334,2420,1394,303,288,95,5,9
Aaron Wan-Bissaka\Aaron-Wan-Bissaka,ENG,DF,Manchester Utd,21,1997,34.1,2560,104,740,1182,779,46,2182,59,91,64.8,60,3,1548,8340,4975,1570,1456,92.7,26,43
Victor Wanyama\Victor-Wanyama,KEN,MF,Tottenham,28,1991,0.3,21,0,5,19,1,0,19,1,1,100,1,0,12,112,74,12,12,100,0,0
Joel Ward\Joel-Ward,ENG,DF,Crystal Palace,29,1989,26.5,1544,118,518,764,335,11,1268,13,19,68.4,14,2,754,3656,2004,799,744,93.1,12,20
James Ward-Prowse\James-Ward-Prowse,ENG,MFDF,Southampton,24,1994,38,2399,124,452,1252,775,55,2022,15,21,71.4,16,1,1114,4224,1700,1362,1196,87.8,24,16
Kelland Watts\Kelland-Watts,ENG,DF,Newcastle Utd,19,1999,0.2,5,2,5,0,0,0,5,0,0,,0,0,3,17,5,3,3,100,0,0
Adam Webster\Adam-Webster,ENG,DF,Brighton,24,1995,29.6,2175,349,1279,942,132,30,2099,12,14,85.7,12,0,1348,9477,5945,1425,1400,98.2,8,14
Danny Welbeck\Danny-Welbeck,ENG,FWMF,Watford,28,1990,9.1,282,5,33,109,159,48,274,9,19,47.4,9,0,195,1402,672,354,198,55.9,22,19
Ashley Westwood\Ashley-Westwood,ENG,MF,Burnley,29,1990,35,2081,63,323,1284,546,19,1883,10,23,43.5,11,1,1202,4650,2058,1379,1266,91.8,17,16
Connor Wickham\Connor-Wickham,ENG,FWMF,Crystal Palace,26,1993,1.1,62,0,5,28,31,7,60,2,3,66.7,2,0,29,157,56,79,46,58.2,4,4
Georginio Wijnaldum\Georginio-Wijnaldum,NED,MF,Liverpool,28,1990,32.6,1920,41,288,1190,569,83,1893,49,78,62.8,50,5,1504,8139,3620,1635,1441,88.1,36,41
Jetro Willems\Jetro-Willems,NED,DF,Newcastle Utd,25,1994,16.6,755,61,262,301,223,22,627,30,39,76.9,30,0,408,2043,1313,407,346,85,9,7
Brandon Williams\Brandon-Williams,ENG,DF,Manchester Utd,18,2000,11.2,764,38,235,365,226,29,683,14,20,70,15,0,507,3205,2058,538,500,92.9,14,10
Neco Williams\Neco-Williams,WAL,DF,Liverpool,18,2001,2.6,245,3,59,110,90,10,210,6,13,46.2,7,0,151,793,384,168,147,87.5,3,0
Willian\Willian,BRA,FW,Chelsea,30,1988,28.9,1928,20,210,792,1092,139,1788,62,86,72.1,65,3,1454,12335,6885,1730,1438,83.1,51,40
Joe Willock\Joe-Willock,ENG,MFFW,Arsenal,19,1999,9.5,515,28,109,279,177,36,505,22,33,66.7,23,3,384,2835,1687,415,333,80.2,27,19
Jack Wilshere\Jack-Wilshere,ENG,MF,West Ham,27,1992,2.4,108,1,12,69,31,4,106,5,10,50,6,1,80,508,251,94,76,80.9,3,13
Callum Wilson\Callum-Wilson,ENG,FW,Bournemouth,27,1992,32.3,881,21,68,346,517,177,854,24,48,50,25,0,603,3384,1835,1390,642,46.2,105,55
Harry Wilson\Harry-Wilson,WAL,MFFW,Bournemouth,22,1997,18.3,857,25,126,380,401,59,795,20,38,52.6,23,0,565,3621,1760,665,539,81.1,30,20
Harry Winks\Harry-Winks,ENG,MF,Tottenham,23,1996,24.7,1840,58,411,1229,323,4,1773,14,22,63.6,15,1,1311,7361,3746,1423,1378,96.8,10,15
Chris Wood\Chris-Wood,NZL,FW,Burnley,27,1991,27.1,763,22,58,309,421,111,749,9,20,45,10,1,366,1457,696,1314,581,44.2,85,31
Granit Xhaka\Granit-Xhaka,SUI,MF,Arsenal,26,1992,28.7,2145,126,635,1321,315,18,2095,27,32,84.4,27,2,1528,7434,3612,1643,1559,94.9,10,12
Andriy Yarmolenko\Andriy-Yarmolenko,UKR,MFFW,West Ham,29,1989,11,545,11,81,222,268,59,533,10,16,62.5,10,0,406,2363,1291,572,418,73.1,24,18
DeAndre Yedlin\DeAndre-Yedlin,USA,DF,Newcastle Utd,26,1993,10.4,407,39,151,165,110,5,366,5,11,45.5,6,0,212,1152,699,277,225,81.2,6,5
Maya Yoshida\Maya-Yoshida,JPN,DF,Southampton,30,1988,6.2,317,38,166,143,20,6,309,1,1,100,1,0,170,820,287,194,187,96.4,1,3
Ashley Young\Ashley-Young,ENG,DF,Manchester Utd,34,1985,10.6,836,36,192,443,240,12,656,8,17,47.1,9,2,503,2166,1220,508,479,94.3,5,3
Pablo Zabaleta\Pablo-Zabaleta,ARG,DF,West Ham,34,1985,6.6,398,37,118,205,93,8,332,0,2,0,0,0,197,1004,530,228,202,88.6,2,2
Wilfried Zaha\Wilfried-Zaha,CIV,MFFW,Crystal Palace,26,1992,36.4,1859,9,193,868,996,226,1831,162,262,61.8,172,7,1716,13591,8969,1956,1459,74.6,123,172
Christoph Zimmermann\Christoph-Zimmermann,GER,DF,Norwich City,26,1993,15.9,826,183,549,321,20,7,807,4,6,66.7,4,0,443,3197,1945,456,453,99.3,4,5
Oleksandr Zinchenko\Oleksandr-Zinchenko,UKR,DF,Manchester City,22,1996,14.2,1467,29,280,746,533,10,1353,5,10,50,5,0,961,4038,2313,1143,1101,96.3,6,8
Richairo Živković\Richairo-Zivkovic,NED,FW,Sheffield Utd,22,1996,1.2,31,0,1,15,18,2,28,1,3,33.3,1,0,23,142,74,56,23,41.1,4,3
Kurt Zouma\Kurt-Zouma,FRA,DF,Chelsea,24,1994,26,2291,265,1218,1162,50,20,2263,8,12,66.7,9,0,1588,8059,4309,1698,1674,98.6,6,5
